fecha,departamento,peso_base2019,factor_regional,indice_grupo_depto,indice_grupo_nacional
2019-01-01,Antioquia,0.170438,0.997620,93.339649,93.562299
2019-01-01,Atlantico,0.057136,0.993551,92.958876,93.562299
2019-01-01,Bogota,0.225540,0.949758,88.861508,93.562299
2019-01-01,Cundinamarca,0.049960,1.013229,94.800077,93.562299
2019-01-01,Santander,0.043320,1.017542,95.203529,93.562299
2019-01-01,Valle del Cauca,0.120603,1.031967,96.553250,93.562299
2019-01-01,Otros departamentos,0.333003,1.020509,95.481149,93.562299
2019-02-01,Antioquia,0.170438,0.967071,85.318021,88.223118
2019-02-01,Atlantico,0.057136,0.996233,87.890812,88.223118
2019-02-01,Bogota,0.225540,0.973440,85.879947,88.223118
2019-02-01,Cundinamarca,0.049960,0.975068,86.023553,88.223118
2019-02-01,Santander,0.043320,1.047242,92.390973,88.223118
2019-02-01,Valle del Cauca,0.120603,1.038279,91.600235,88.223118
2019-02-01,Otros departamentos,0.333003,1.019220,89.918752,88.223118
2019-03-01,Antioquia,0.170438,1.025612,98.321995,95.866699
2019-03-01,Atlantico,0.057136,0.958747,91.911948,95.866699
2019-03-01,Bogota,0.225540,1.015087,97.313001,95.866699
2019-03-01,Cundinamarca,0.049960,1.016553,97.453592,95.866699
2019-03-01,Santander,0.043320,1.022814,98.053813,95.866699
2019-03-01,Valle del Cauca,0.120603,0.990490,94.954980,95.866699
2019-03-01,Otros departamentos,0.333003,0.981745,94.116610,95.866699
2019-04-01,Antioquia,0.170438,1.015152,91.101691,89.741923
2019-04-01,Atlantico,0.057136,1.038991,93.241080,89.741923
2019-04-01,Bogota,0.225540,0.943720,84.691206,89.741923
2019-04-01,Cundinamarca,0.049960,1.005665,90.250268,89.741923
2019-04-01,Santander,0.043320,1.047805,94.032000,89.741923
2019-04-01,Valle del Cauca,0.120603,0.974262,87.432117,89.741923
2019-04-01,Otros departamentos,0.333003,1.025926,92.068571,89.741923
2019-05-01,Antioquia,0.170438,0.998856,94.587487,94.695811
2019-05-01,Atlantico,0.057136,0.996352,94.350367,94.695811
2019-05-01,Bogota,0.225540,0.983490,93.132373,94.695811
2019-05-01,Cundinamarca,0.049960,1.004837,95.153901,94.695811
2019-05-01,Santander,0.043320,1.022991,96.872970,94.695811
2019-05-01,Valle del Cauca,0.120603,0.991124,93.855305,94.695811
2019-05-01,Otros departamentos,0.333003,1.011891,95.821882,94.695811
2019-06-01,Antioquia,0.170438,0.996305,92.671479,93.015202
2019-06-01,Atlantico,0.057136,0.988052,91.903811,93.015202
2019-06-01,Bogota,0.225540,1.010378,93.980534,93.015202
2019-06-01,Cundinamarca,0.049960,0.992153,92.285313,93.015202
2019-06-01,Santander,0.043320,0.976948,90.870972,93.015202
2019-06-01,Valle del Cauca,0.120603,0.983711,91.500035,93.015202
2019-06-01,Otros departamentos,0.333003,1.006988,93.665198,93.015202
2019-07-01,Antioquia,0.170438,1.020599,101.114240,99.073420
2019-07-01,Atlantico,0.057136,0.997653,98.840853,99.073420
2019-07-01,Bogota,0.225540,0.981709,97.261289,99.073420
2019-07-01,Cundinamarca,0.049960,0.972548,96.353682,99.073420
2019-07-01,Santander,0.043320,0.999714,99.045130,99.073420
2019-07-01,Valle del Cauca,0.120603,1.000329,99.105977,99.073420
2019-07-01,Otros departamentos,0.333003,1.006285,99.696060,99.073420
2019-08-01,Antioquia,0.170438,0.992176,101.195648,101.993609
2019-08-01,Atlantico,0.057136,1.000851,102.080438,101.993609
2019-08-01,Bogota,0.225540,1.021056,104.141152,101.993609
2019-08-01,Cundinamarca,0.049960,0.965128,98.436924,101.993609
2019-08-01,Santander,0.043320,0.986265,100.592732,101.993609
2019-08-01,Valle del Cauca,0.120603,1.031881,105.245231,101.993609
2019-08-01,Otros departamentos,0.333003,0.985070,100.470825,101.993609
2019-09-01,Antioquia,0.170438,1.008950,98.430634,97.557511
2019-09-01,Atlantico,0.057136,0.996538,97.219784,97.557511
2019-09-01,Bogota,0.225540,1.014051,98.928312,97.557511
2019-09-01,Cundinamarca,0.049960,0.952201,92.894383,97.557511
2019-09-01,Santander,0.043320,0.966326,94.272374,97.557511
2019-09-01,Valle del Cauca,0.120603,1.043290,101.780823,97.557511
2019-09-01,Otros departamentos,0.333003,0.982370,95.837559,97.557511
2019-10-01,Antioquia,0.170438,0.983305,105.678325,107.472624
2019-10-01,Atlantico,0.057136,0.989504,106.344601,107.472624
2019-10-01,Bogota,0.225540,1.066451,114.614258,107.472624
2019-10-01,Cundinamarca,0.049960,0.936788,100.679082,107.472624
2019-10-01,Santander,0.043320,0.969103,104.152025,107.472624
2019-10-01,Valle del Cauca,0.120603,1.028336,110.517916,107.472624
2019-10-01,Otros departamentos,0.333003,0.968580,104.095866,107.472624
2019-11-01,Antioquia,0.170438,0.977616,113.911585,116.519706
2019-11-01,Atlantico,0.057136,1.033212,120.389613,116.519706
2019-11-01,Bogota,0.225540,1.019959,118.845320,116.519706
2019-11-01,Cundinamarca,0.049960,1.106926,128.978665,116.519706
2019-11-01,Santander,0.043320,0.953185,111.064858,116.519706
2019-11-01,Valle del Cauca,0.120603,0.985994,114.887706,116.519706
2019-11-01,Otros departamentos,0.333003,0.987360,115.046946,116.519706
2019-12-01,Antioquia,0.170438,1.016775,124.329248,122.278076
2019-12-01,Atlantico,0.057136,1.004823,122.867818,122.278076
2019-12-01,Bogota,0.225540,1.000597,122.351101,122.278076
2019-12-01,Cundinamarca,0.049960,1.036086,126.690560,122.278076
2019-12-01,Santander,0.043320,1.009573,123.448624,122.278076
2019-12-01,Valle del Cauca,0.120603,0.920577,112.566425,122.278076
2019-12-01,Otros departamentos,0.333003,1.012288,123.780582,122.278076
2020-01-01,Antioquia,0.170438,1.013100,102.134296,100.813686
2020-01-01,Atlantico,0.057136,1.020746,102.905160,100.813686
2020-01-01,Bogota,0.225540,0.969399,97.728683,100.813686
2020-01-01,Cundinamarca,0.049960,1.131022,114.022510,100.813686
2020-01-01,Santander,0.043320,0.984806,99.281899,100.813686
2020-01-01,Valle del Cauca,0.120603,0.970383,97.827884,100.813686
2020-01-01,Otros departamentos,0.333003,1.003507,101.167275,100.813686
2020-02-01,Antioquia,0.170438,1.001493,100.189861,100.040545
2020-02-01,Atlantico,0.057136,0.952244,95.262972,100.040545
2020-02-01,Bogota,0.225540,1.000338,100.074392,100.040545
2020-02-01,Cundinamarca,0.049960,1.120183,112.063717,100.040545
2020-02-01,Santander,0.043320,1.043784,104.420675,100.040545
2020-02-01,Valle del Cauca,0.120603,1.001714,100.211992,100.040545
2020-02-01,Otros departamentos,0.333003,0.982853,98.325192,100.040545
2020-03-01,Antioquia,0.170438,1.010384,71.907685,71.168682
2020-03-01,Atlantico,0.057136,0.978959,69.671221,71.168682
2020-03-01,Bogota,0.225540,1.003916,71.447344,71.168682
2020-03-01,Cundinamarca,0.049960,1.134114,80.713391,71.168682
2020-03-01,Santander,0.043320,1.002197,71.325022,71.168682
2020-03-01,Valle del Cauca,0.120603,0.974951,69.386012,71.168682
2020-03-01,Otros departamentos,0.333003,0.984309,70.051941,71.168682
2020-04-01,Antioquia,0.170438,0.846645,23.191746,27.392525
2020-04-01,Atlantico,0.057136,0.653857,17.910792,27.392525
2020-04-01,Bogota,0.225540,1.454227,39.834963,27.392525
2020-04-01,Cundinamarca,0.049960,1.021077,27.969879,27.392525
2020-04-01,Santander,0.043320,0.999468,27.377941,27.392525
2020-04-01,Valle del Cauca,0.120603,0.756264,20.715980,27.392525
2020-04-01,Otros departamentos,0.333003,0.915418,25.075609,27.392525
2020-05-01,Antioquia,0.170438,1.022544,67.357990,65.872961
2020-05-01,Atlantico,0.057136,0.788849,51.963825,65.872961
2020-05-01,Bogota,0.225540,1.305037,85.966634,65.872961
2020-05-01,Cundinamarca,0.049960,0.933776,61.510586,65.872961
2020-05-01,Santander,0.043320,0.841947,55.461528,65.872961
2020-05-01,Valle del Cauca,0.120603,0.863216,56.862587,65.872961
2020-05-01,Otros departamentos,0.333003,0.898128,59.162330,65.872961
2020-06-01,Antioquia,0.170438,1.135518,102.723101,90.463667
2020-06-01,Atlantico,0.057136,0.681751,61.673731,90.463667
2020-06-01,Bogota,0.225540,1.145857,103.658402,90.463667
2020-06-01,Cundinamarca,0.049960,0.938421,84.893035,90.463667
2020-06-01,Santander,0.043320,0.936815,84.747723,90.463667
2020-06-01,Valle del Cauca,0.120603,0.894544,80.923722,90.463667
2020-06-01,Otros departamentos,0.333003,0.942108,85.226515,90.463667
2020-07-01,Antioquia,0.170438,0.955861,94.944177,99.328422
2020-07-01,Atlantico,0.057136,0.678590,67.403234,99.328422
2020-07-01,Bogota,0.225540,1.157413,114.963979,99.328422
2020-07-01,Cundinamarca,0.049960,1.054542,104.745966,99.328422
2020-07-01,Santander,0.043320,0.994584,98.790490,99.328422
2020-07-01,Valle del Cauca,0.120603,0.951096,94.470846,99.328422
2020-07-01,Otros departamentos,0.333003,0.981357,97.476676,99.328422
2020-08-01,Antioquia,0.170438,0.992197,94.674331,95.418895
2020-08-01,Atlantico,0.057136,0.951375,90.779145,95.418895
2020-08-01,Bogota,0.225540,1.084170,103.450306,95.418895
2020-08-01,Cundinamarca,0.049960,1.142857,109.050159,95.418895
2020-08-01,Santander,0.043320,0.886794,84.616941,95.418895
2020-08-01,Valle del Cauca,0.120603,0.996044,95.041418,95.418895
2020-08-01,Otros departamentos,0.333003,0.950056,90.653286,95.418895
2020-09-01,Antioquia,0.170438,1.079520,116.408969,107.833977
2020-09-01,Atlantico,0.057136,0.941552,101.531312,107.833977
2020-09-01,Bogota,0.225540,1.035341,111.644893,107.833977
2020-09-01,Cundinamarca,0.049960,1.150548,124.068132,107.833977
2020-09-01,Santander,0.043320,0.988125,106.553412,107.833977
2020-09-01,Valle del Cauca,0.120603,1.002216,108.072913,107.833977
2020-09-01,Otros departamentos,0.333003,0.923548,99.589870,107.833977
2020-10-01,Antioquia,0.170438,1.025948,119.084305,116.072442
2020-10-01,Atlantico,0.057136,0.957785,111.172500,116.072442
2020-10-01,Bogota,0.225540,1.054481,122.396185,116.072442
2020-10-01,Cundinamarca,0.049960,1.129534,131.107809,116.072442
2020-10-01,Santander,0.043320,0.963337,111.816840,116.072442
2020-10-01,Valle del Cauca,0.120603,0.998830,115.936660,116.072442
2020-10-01,Otros departamentos,0.333003,0.942822,109.435651,116.072442
2020-11-01,Antioquia,0.170438,1.004899,137.003587,136.335694
2020-11-01,Atlantico,0.057136,0.980947,133.738061,136.335694
2020-11-01,Bogota,0.225540,1.136328,154.922021,136.335694
2020-11-01,Cundinamarca,0.049960,1.045788,142.578202,136.335694
2020-11-01,Santander,0.043320,0.965561,131.640413,136.335694
2020-11-01,Valle del Cauca,0.120603,0.946531,129.045906,136.335694
2020-11-01,Otros departamentos,0.333003,0.925404,126.165600,136.335694
2020-12-01,Antioquia,0.170438,0.982160,125.614262,127.895952
2020-12-01,Atlantico,0.057136,1.013618,129.637676,127.895952
2020-12-01,Bogota,0.225540,1.054060,134.809963,127.895952
2020-12-01,Cundinamarca,0.049960,1.097038,140.306762,127.895952
2020-12-01,Santander,0.043320,0.956674,122.354746,127.895952
2020-12-01,Valle del Cauca,0.120603,0.911788,116.613974,127.895952
2020-12-01,Otros departamentos,0.333003,0.993206,127.026977,127.895952
2021-01-01,Antioquia,0.170438,1.065548,106.103301,99.576272
2021-01-01,Atlantico,0.057136,1.148140,114.327492,99.576272
2021-01-01,Bogota,0.225540,0.824456,82.096296,99.576272
2021-01-01,Cundinamarca,0.049960,1.189498,118.445800,99.576272
2021-01-01,Santander,0.043320,0.988096,98.390939,99.576272
2021-01-01,Valle del Cauca,0.120603,0.957082,95.302658,99.576272
2021-01-01,Otros departamentos,0.333003,1.048589,104.414602,99.576272
2021-02-01,Antioquia,0.170438,1.015146,114.633650,112.923265
2021-02-01,Atlantico,0.057136,0.995539,112.419571,112.923265
2021-02-01,Bogota,0.225540,1.029729,116.280411,112.923265
2021-02-01,Cundinamarca,0.049960,1.133078,127.950872,112.923265
2021-02-01,Santander,0.043320,0.941442,106.310700,112.923265
2021-02-01,Valle del Cauca,0.120603,0.974090,109.997407,112.923265
2021-02-01,Otros departamentos,0.333003,0.969914,109.525801,112.923265
2021-03-01,Antioquia,0.170438,0.994698,123.321424,123.978711
2021-03-01,Atlantico,0.057136,0.952032,118.031679,123.978711
2021-03-01,Bogota,0.225540,1.034226,128.222010,123.978711
2021-03-01,Cundinamarca,0.049960,1.141226,141.487754,123.978711
2021-03-01,Santander,0.043320,0.895056,110.967902,123.978711
2021-03-01,Valle del Cauca,0.120603,0.954598,118.349873,123.978711
2021-03-01,Otros departamentos,0.333003,0.996670,123.565825,123.978711
2021-04-01,Antioquia,0.170438,0.966034,93.714378,97.009385
2021-04-01,Atlantico,0.057136,0.849626,82.421717,97.009385
2021-04-01,Bogota,0.225540,0.931841,90.397308,97.009385
2021-04-01,Cundinamarca,0.049960,1.302636,126.367924,97.009385
2021-04-01,Santander,0.043320,1.034422,100.348631,97.009385
2021-04-01,Valle del Cauca,0.120603,0.908411,88.124385,97.009385
2021-04-01,Otros departamentos,0.333003,1.072637,104.055866,97.009385
2021-05-01,Antioquia,0.170438,1.130550,107.665374,95.232769
2021-05-01,Atlantico,0.057136,1.057659,100.723836,95.232769
2021-05-01,Bogota,0.225540,1.089035,103.711865,95.232769
2021-05-01,Cundinamarca,0.049960,1.257466,119.751964,95.232769
2021-05-01,Santander,0.043320,1.008132,96.007170,95.232769
2021-05-01,Valle del Cauca,0.120603,0.632571,60.241498,95.232769
2021-05-01,Otros departamentos,0.333003,0.956372,91.077972,95.232769
2021-06-01,Antioquia,0.170438,1.017302,114.835025,112.881929
2021-06-01,Atlantico,0.057136,1.010857,114.107506,112.881929
2021-06-01,Bogota,0.225540,1.032258,116.523279,112.881929
2021-06-01,Cundinamarca,0.049960,1.144253,129.165502,112.881929
2021-06-01,Santander,0.043320,0.944960,106.668957,112.881929
2021-06-01,Valle del Cauca,0.120603,0.891142,100.593858,112.881929
2021-06-01,Otros departamentos,0.333003,0.992376,112.021335,112.881929
2021-07-01,Antioquia,0.170438,0.996362,121.893877,122.338904
2021-07-01,Atlantico,0.057136,0.992867,121.466245,122.338904
2021-07-01,Bogota,0.225540,1.061053,129.808051,122.338904
2021-07-01,Cundinamarca,0.049960,1.148059,140.452256,122.338904
2021-07-01,Santander,0.043320,0.919958,112.546621,122.338904
2021-07-01,Valle del Cauca,0.120603,0.937209,114.657175,122.338904
2021-07-01,Otros departamentos,0.333003,0.972675,118.996032,122.338904
2021-08-01,Antioquia,0.170438,1.014975,126.857687,124.986003
2021-08-01,Atlantico,0.057136,0.965506,120.674777,124.986003
2021-08-01,Bogota,0.225540,1.054403,131.785612,124.986003
2021-08-01,Cundinamarca,0.049960,1.197229,149.636893,124.986003
2021-08-01,Santander,0.043320,0.935641,116.942051,124.986003
2021-08-01,Valle del Cauca,0.120603,0.955271,119.395451,124.986003
2021-08-01,Otros departamentos,0.333003,0.956389,119.535221,124.986003
2021-09-01,Antioquia,0.170438,1.001434,124.179633,124.001814
2021-09-01,Atlantico,0.057136,0.930170,115.342802,124.001814
2021-09-01,Bogota,0.225540,1.096752,135.999271,124.001814
2021-09-01,Cundinamarca,0.049960,1.152673,142.933487,124.001814
2021-09-01,Santander,0.043320,0.918322,113.873548,124.001814
2021-09-01,Valle del Cauca,0.120603,0.963039,119.418573,124.001814
2021-09-01,Otros departamentos,0.333003,0.946824,117.407905,124.001814
2021-10-01,Antioquia,0.170438,0.993330,137.713151,138.637851
2021-10-01,Atlantico,0.057136,0.958057,132.822987,138.637851
2021-10-01,Bogota,0.225540,1.125240,156.000789,138.637851
2021-10-01,Cundinamarca,0.049960,1.096968,152.081285,138.637851
2021-10-01,Santander,0.043320,0.952050,131.990217,138.637851
2021-10-01,Valle del Cauca,0.120603,0.929368,128.845618,138.637851
2021-10-01,Otros departamentos,0.333003,0.943057,130.743405,138.637851
2021-11-01,Antioquia,0.170438,0.971468,143.285973,147.494231
2021-11-01,Atlantico,0.057136,0.974957,143.800526,147.494231
2021-11-01,Bogota,0.225540,1.151139,169.786340,147.494231
2021-11-01,Cundinamarca,0.049960,1.113993,164.307542,147.494231
2021-11-01,Santander,0.043320,0.928105,136.890140,147.494231
2021-11-01,Valle del Cauca,0.120603,0.967188,142.654693,147.494231
2021-11-01,Otros departamentos,0.333003,0.920669,135.793350,147.494231
2021-12-01,Antioquia,0.170438,0.986122,156.942243,159.150919
2021-12-01,Atlantico,0.057136,1.001629,159.410173,159.150919
2021-12-01,Bogota,0.225540,1.091463,173.707334,159.150919
2021-12-01,Cundinamarca,0.049960,1.082463,172.275010,159.150919
2021-12-01,Santander,0.043320,0.949586,151.127522,159.150919
2021-12-01,Valle del Cauca,0.120603,0.853437,135.825344,159.150919
2021-12-01,Otros departamentos,0.333003,0.992143,157.900523,159.150919
2022-01-01,Antioquia,0.170438,0.997216,121.061788,121.399817
2022-01-01,Atlantico,0.057136,1.029805,125.018188,121.399817
2022-01-01,Bogota,0.225540,1.054366,127.999870,121.399817
2022-01-01,Cundinamarca,0.049960,1.175121,142.659462,121.399817
2022-01-01,Santander,0.043320,0.974494,118.303410,121.399817
2022-01-01,Valle del Cauca,0.120603,0.912923,110.828709,121.399817
2022-01-01,Otros departamentos,0.333003,0.968071,117.523600,121.399817
2022-02-01,Antioquia,0.170438,1.004368,120.231113,119.708261
2022-02-01,Atlantico,0.057136,1.029947,123.293154,119.708261
2022-02-01,Bogota,0.225540,1.070656,128.166317,119.708261
2022-02-01,Cundinamarca,0.049960,1.148630,137.500472,119.708261
2022-02-01,Santander,0.043320,0.931956,111.562796,119.708261
2022-02-01,Valle del Cauca,0.120603,0.905666,108.415756,119.708261
2022-02-01,Otros departamentos,0.333003,0.965490,115.577075,119.708261
2022-03-01,Antioquia,0.170438,0.962618,138.428800,143.804551
2022-03-01,Atlantico,0.057136,0.951976,136.898453,143.804551
2022-03-01,Bogota,0.225540,1.141138,164.100905,143.804551
2022-03-01,Cundinamarca,0.049960,1.097598,157.839573,143.804551
2022-03-01,Santander,0.043320,0.963149,138.505268,143.804551
2022-03-01,Valle del Cauca,0.120603,0.879999,126.547801,143.804551
2022-03-01,Otros departamentos,0.333003,0.965393,138.827960,143.804551
2022-04-01,Antioquia,0.170438,1.007070,121.053921,120.204048
2022-04-01,Atlantico,0.057136,1.013278,121.800099,120.204048
2022-04-01,Bogota,0.225540,1.014530,121.950651,120.204048
2022-04-01,Cundinamarca,0.049960,1.176326,141.399182,120.204048
2022-04-01,Santander,0.043320,0.961524,115.579024,120.204048
2022-04-01,Valle del Cauca,0.120603,0.908786,109.239742,120.204048
2022-04-01,Otros departamentos,0.333003,0.995848,119.704952,120.204048
2022-05-01,Antioquia,0.170438,1.006264,124.273767,123.500186
2022-05-01,Atlantico,0.057136,0.982859,121.383251,123.500186
2022-05-01,Bogota,0.225540,1.047871,129.412302,123.500186
2022-05-01,Cundinamarca,0.049960,1.172170,144.763173,123.500186
2022-05-01,Santander,0.043320,0.976780,120.632567,123.500186
2022-05-01,Valle del Cauca,0.120603,0.904728,111.734093,123.500186
2022-05-01,Otros departamentos,0.333003,0.979007,120.907533,123.500186
2022-06-01,Antioquia,0.170438,0.976391,138.389806,141.736005
2022-06-01,Atlantico,0.057136,1.039662,147.357559,141.736005
2022-06-01,Bogota,0.225540,1.091653,154.726511,141.736005
2022-06-01,Cundinamarca,0.049960,1.114133,157.912799,141.736005
2022-06-01,Santander,0.043320,0.995622,141.115428,141.736005
2022-06-01,Valle del Cauca,0.120603,0.862134,122.195372,141.736005
2022-06-01,Otros departamentos,0.333003,0.976580,138.416532,141.736005
2022-07-01,Antioquia,0.170438,0.992990,128.575607,129.483342
2022-07-01,Atlantico,0.057136,1.010279,130.814313,129.483342
2022-07-01,Bogota,0.225540,1.045139,135.328045,129.483342
2022-07-01,Cundinamarca,0.049960,1.172518,151.821607,129.483342
2022-07-01,Santander,0.043320,0.978902,126.751486,129.483342
2022-07-01,Valle del Cauca,0.120603,0.916156,118.626968,129.483342
2022-07-01,Otros departamentos,0.333003,0.978480,126.696837,129.483342
2022-08-01,Antioquia,0.170438,0.990830,125.620909,126.783563
2022-08-01,Atlantico,0.057136,0.959056,121.592576,126.783563
2022-08-01,Bogota,0.225540,1.021519,129.511828,126.783563
2022-08-01,Cundinamarca,0.049960,1.182192,149.882527,126.783563
2022-08-01,Santander,0.043320,0.947955,120.185088,126.783563
2022-08-01,Valle del Cauca,0.120603,0.920729,116.733266,126.783563
2022-08-01,Otros departamentos,0.333003,1.005290,127.454222,126.783563
2022-09-01,Antioquia,0.170438,0.984429,120.508579,122.414654
2022-09-01,Atlantico,0.057136,0.935671,114.539804,122.414654
2022-09-01,Bogota,0.225540,1.051730,128.747185,122.414654
2022-09-01,Cundinamarca,0.049960,1.166974,142.854732,122.414654
2022-09-01,Santander,0.043320,0.950663,116.375138,122.414654
2022-09-01,Valle del Cauca,0.120603,0.932815,114.190207,122.414654
2022-09-01,Otros departamentos,0.333003,0.989670,121.150104,122.414654
2022-10-01,Antioquia,0.170438,0.966615,122.399780,126.627221
2022-10-01,Atlantico,0.057136,0.929347,117.680691,126.627221
2022-10-01,Bogota,0.225540,1.079705,136.720101,126.627221
2022-10-01,Cundinamarca,0.049960,1.223082,154.875526,126.627221
2022-10-01,Santander,0.043320,0.930398,117.813748,126.627221
2022-10-01,Valle del Cauca,0.120603,0.929555,117.706973,126.627221
2022-10-01,Otros departamentos,0.333003,0.976324,123.629214,126.627221
2022-11-01,Antioquia,0.170438,0.990717,132.011114,133.248030
2022-11-01,Atlantico,0.057136,0.933754,124.420836,133.248030
2022-11-01,Bogota,0.225540,1.055492,140.642278,133.248030
2022-11-01,Cundinamarca,0.049960,1.127959,150.298321,133.248030
2022-11-01,Santander,0.043320,0.948732,126.416662,133.248030
2022-11-01,Valle del Cauca,0.120603,0.925878,123.371363,133.248030
2022-11-01,Otros departamentos,0.333003,0.992850,132.295264,133.248030
2022-12-01,Antioquia,0.170438,0.958383,133.291025,139.079054
2022-12-01,Atlantico,0.057136,0.996356,138.572291,139.079054
2022-12-01,Bogota,0.225540,1.003799,139.607367,139.079054
2022-12-01,Cundinamarca,0.049960,1.077372,149.839879,139.079054
2022-12-01,Santander,0.043320,0.933031,129.765049,139.079054
2022-12-01,Valle del Cauca,0.120603,0.848410,117.996122,139.079054
2022-12-01,Otros departamentos,0.333003,1.071358,149.003394,139.079054
2023-01-01,Antioquia,0.170438,0.982250,116.564815,118.671280
2023-01-01,Atlantico,0.057136,0.975797,115.799092,118.671280
2023-01-01,Bogota,0.225540,1.017184,120.710581,118.671280
2023-01-01,Cundinamarca,0.049960,1.127502,133.802153,118.671280
2023-01-01,Santander,0.043320,0.964786,114.492359,118.671280
2023-01-01,Valle del Cauca,0.120603,0.882258,104.698680,118.671280
2023-01-01,Otros departamentos,0.333003,1.029693,122.195008,118.671280
2023-02-01,Antioquia,0.170438,0.987393,113.230851,114.676604
2023-02-01,Atlantico,0.057136,0.899002,103.094486,114.676604
2023-02-01,Bogota,0.225540,1.087025,124.656357,114.676604
2023-02-01,Cundinamarca,0.049960,1.076039,123.396472,114.676604
2023-02-01,Santander,0.043320,0.930826,106.743984,114.676604
2023-02-01,Valle del Cauca,0.120603,0.862532,98.912227,114.676604
2023-02-01,Otros departamentos,0.333003,1.012218,116.077692,114.676604
2023-03-01,Antioquia,0.170438,0.985059,119.237850,121.046383
2023-03-01,Atlantico,0.057136,0.943932,114.259570,121.046383
2023-03-01,Bogota,0.225540,1.067990,129.276336,121.046383
2023-03-01,Cundinamarca,0.049960,1.184104,143.331450,121.046383
2023-03-01,Santander,0.043320,0.932488,112.874249,121.046383
2023-03-01,Valle del Cauca,0.120603,0.866676,104.908050,121.046383
2023-03-01,Otros departamentos,0.333003,1.000665,121.126910,121.046383
2023-04-01,Antioquia,0.170438,1.012669,107.871467,106.521938
2023-04-01,Atlantico,0.057136,0.936097,99.714837,106.521938
2023-04-01,Bogota,0.225540,1.029486,109.662800,106.521938
2023-04-01,Cundinamarca,0.049960,1.138222,121.245655,106.521938
2023-04-01,Santander,0.043320,0.951358,101.340507,106.521938
2023-04-01,Valle del Cauca,0.120603,0.866786,92.331725,106.521938
2023-04-01,Otros departamentos,0.333003,1.018346,108.476199,106.521938
2023-05-01,Antioquia,0.170438,1.004536,115.818676,115.295748
2023-05-01,Atlantico,0.057136,0.934815,107.780208,115.295748
2023-05-01,Bogota,0.225540,1.021964,117.828090,115.295748
2023-05-01,Cundinamarca,0.049960,1.078260,124.318776,115.295748
2023-05-01,Santander,0.043320,0.897359,103.461668,115.295748
2023-05-01,Valle del Cauca,0.120603,0.864092,99.626101,115.295748
2023-05-01,Otros departamentos,0.333003,1.044820,120.463285,115.295748
2023-06-01,Antioquia,0.170438,1.014062,108.944696,107.433938
2023-06-01,Atlantico,0.057136,0.979873,105.271567,107.433938
2023-06-01,Bogota,0.225540,1.033866,111.072319,107.433938
2023-06-01,Cundinamarca,0.049960,1.124064,120.762640,107.433938
2023-06-01,Santander,0.043320,0.941351,101.133024,107.433938
2023-06-01,Valle del Cauca,0.120603,0.903757,97.094227,107.433938
2023-06-01,Otros departamentos,0.333003,0.997191,107.132174,107.433938
2023-07-01,Antioquia,0.170438,1.001782,110.783161,110.586061
2023-07-01,Atlantico,0.057136,0.961498,106.328278,110.586061
2023-07-01,Bogota,0.225540,1.029220,113.817333,110.586061
2023-07-01,Cundinamarca,0.049960,1.099895,121.633080,110.586061
2023-07-01,Santander,0.043320,0.934937,103.390984,110.586061
2023-07-01,Valle del Cauca,0.120603,0.897740,99.277584,110.586061
2023-07-01,Otros departamentos,0.333003,1.016416,112.401406,110.586061
2023-08-01,Antioquia,0.170438,0.991047,107.626015,108.598326
2023-08-01,Atlantico,0.057136,0.936424,101.694118,108.598326
2023-08-01,Bogota,0.225540,1.065504,115.711980,108.598326
2023-08-01,Cundinamarca,0.049960,1.078409,117.113397,108.598326
2023-08-01,Santander,0.043320,0.930527,101.053624,108.598326
2023-08-01,Valle del Cauca,0.120603,0.919065,99.808867,108.598326
2023-08-01,Otros departamentos,0.333003,0.997712,108.349812,108.598326
2023-09-01,Antioquia,0.170438,0.982733,109.983158,111.915602
2023-09-01,Atlantico,0.057136,0.921768,103.160237,111.915602
2023-09-01,Bogota,0.225540,1.122631,125.639899,111.915602
2023-09-01,Cundinamarca,0.049960,1.141623,127.765443,111.915602
2023-09-01,Santander,0.043320,0.929560,104.032265,111.915602
2023-09-01,Valle del Cauca,0.120603,0.879679,98.449790,111.915602
2023-09-01,Otros departamentos,0.333003,0.970696,108.636051,111.915602
2023-10-01,Antioquia,0.170438,0.941672,107.631612,114.298457
2023-10-01,Atlantico,0.057136,0.921440,105.319187,114.298457
2023-10-01,Bogota,0.225540,1.160410,132.633109,114.298457
2023-10-01,Cundinamarca,0.049960,1.134874,129.714306,114.298457
2023-10-01,Santander,0.043320,0.913223,104.380034,114.298457
2023-10-01,Valle del Cauca,0.120603,0.898969,102.750802,114.298457
2023-10-01,Otros departamentos,0.333003,0.962332,109.993098,114.298457
2023-11-01,Antioquia,0.170438,0.942365,121.408648,128.833962
2023-11-01,Atlantico,0.057136,0.954904,123.024122,128.833962
2023-11-01,Bogota,0.225540,1.160197,149.472816,128.833962
2023-11-01,Cundinamarca,0.049960,1.086907,140.030473,128.833962
2023-11-01,Santander,0.043320,0.904304,116.505092,128.833962
2023-11-01,Valle del Cauca,0.120603,0.880493,113.437440,128.833962
2023-11-01,Otros departamentos,0.333003,0.971428,125.152922,128.833962
2023-12-01,Antioquia,0.170438,0.959040,130.568841,136.145296
2023-12-01,Atlantico,0.057136,0.977432,133.072764,136.145296
2023-12-01,Bogota,0.225540,1.057625,143.990697,136.145296
2023-12-01,Cundinamarca,0.049960,1.038858,141.435621,136.145296
2023-12-01,Santander,0.043320,0.888704,120.992844,136.145296
2023-12-01,Valle del Cauca,0.120603,0.809662,110.231707,136.145296
2023-12-01,Otros departamentos,0.333003,1.063390,144.775557,136.145296
2024-01-01,Antioquia,0.170438,0.995922,112.711067,113.172536
2024-01-01,Atlantico,0.057136,0.892509,101.007509,113.172536
2024-01-01,Bogota,0.225540,1.039000,117.586306,113.172536
2024-01-01,Cundinamarca,0.049960,1.215685,137.582203,113.172536
2024-01-01,Santander,0.043320,0.932222,105.501926,113.172536
2024-01-01,Valle del Cauca,0.120603,0.845576,95.696018,113.172536
2024-01-01,Otros departamentos,0.333003,1.026501,116.171706,113.172536
2024-02-01,Antioquia,0.170438,1.003995,110.015098,109.577328
2024-02-01,Atlantico,0.057136,0.897306,98.324440,109.577328
2024-02-01,Bogota,0.225540,1.046478,114.670295,109.577328
2024-02-01,Cundinamarca,0.049960,1.164912,127.647941,109.577328
2024-02-01,Santander,0.043320,0.963401,105.566858,109.577328
2024-02-01,Valle del Cauca,0.120603,0.860552,94.296938,109.577328
2024-02-01,Otros departamentos,0.333003,1.014619,111.179269,109.577328
2024-03-01,Antioquia,0.170438,1.009075,108.425052,107.449920
2024-03-01,Atlantico,0.057136,0.880619,94.622493,107.449920
2024-03-01,Bogota,0.225540,1.063303,114.251849,107.449920
2024-03-01,Cundinamarca,0.049960,1.219576,131.043304,107.449920
2024-03-01,Santander,0.043320,0.930083,99.937366,107.449920
2024-03-01,Valle del Cauca,0.120603,0.866256,93.079135,107.449920
2024-03-01,Otros departamentos,0.333003,0.997554,107.187090,107.449920
2024-04-01,Antioquia,0.170438,1.007317,107.521432,106.740460
2024-04-01,Atlantico,0.057136,0.830852,88.685546,106.740460
2024-04-01,Bogota,0.225540,1.049109,111.982335,106.740460
2024-04-01,Cundinamarca,0.049960,1.178121,125.753144,106.740460
2024-04-01,Santander,0.043320,0.965945,103.105455,106.740460
2024-04-01,Valle del Cauca,0.120603,0.854588,91.219131,106.740460
2024-04-01,Otros departamentos,0.333003,1.022387,109.130047,106.740460
2024-05-01,Antioquia,0.170438,1.020487,110.842984,108.617768
2024-05-01,Atlantico,0.057136,0.802227,87.136142,108.617768
2024-05-01,Bogota,0.225540,1.048362,113.870721,108.617768
2024-05-01,Cundinamarca,0.049960,1.205055,130.890369,108.617768
2024-05-01,Santander,0.043320,0.944022,102.537551,108.617768
2024-05-01,Valle del Cauca,0.120603,0.879937,95.576841,108.617768
2024-05-01,Otros departamentos,0.333003,1.010694,109.779288,108.617768
2024-06-01,Antioquia,0.170438,1.017412,109.413608,107.541106
2024-06-01,Atlantico,0.057136,0.830847,89.350160,107.541106
2024-06-01,Bogota,0.225540,1.062797,114.294355,107.541106
2024-06-01,Cundinamarca,0.049960,1.200566,129.110247,107.541106
2024-06-01,Santander,0.043320,0.963029,103.565256,107.541106
2024-06-01,Valle del Cauca,0.120603,0.871777,93.751817,107.541106
2024-06-01,Otros departamentos,0.333003,0.998737,107.405230,107.541106
2024-07-01,Antioquia,0.170438,1.010993,116.803549,115.533504
2024-07-01,Atlantico,0.057136,0.828047,95.667198,115.533504
2024-07-01,Bogota,0.225540,1.040948,120.264407,115.533504
2024-07-01,Cundinamarca,0.049960,1.199387,138.569343,115.533504
2024-07-01,Santander,0.043320,0.934883,108.010295,115.533504
2024-07-01,Valle del Cauca,0.120603,0.887518,102.538086,115.533504
2024-07-01,Otros departamentos,0.333003,1.015437,117.317051,115.533504
2024-08-01,Antioquia,0.170438,0.999888,118.789016,118.802335
2024-08-01,Atlantico,0.057136,0.825676,98.092265,118.802335
2024-08-01,Bogota,0.225540,1.075622,127.786427,118.802335
2024-08-01,Cundinamarca,0.049960,1.151883,136.846374,118.802335
2024-08-01,Santander,0.043320,0.937845,111.418228,118.802335
2024-08-01,Valle del Cauca,0.120603,0.876529,104.133673,118.802335
2024-08-01,Otros departamentos,0.333003,1.008765,119.843687,118.802335
2024-09-01,Antioquia,0.170438,0.996051,116.680572,117.143218
2024-09-01,Atlantico,0.057136,0.808225,94.678046,117.143218
2024-09-01,Bogota,0.225540,1.107317,129.714673,117.143218
2024-09-01,Cundinamarca,0.049960,1.195514,140.046304,117.143218
2024-09-01,Santander,0.043320,0.936961,109.758629,117.143218
2024-09-01,Valle del Cauca,0.120603,0.876933,102.726714,117.143218
2024-09-01,Otros departamentos,0.333003,0.985680,115.465736,117.143218
2024-10-01,Antioquia,0.170438,1.017818,131.125690,128.830178
2024-10-01,Atlantico,0.057136,0.796528,102.616804,128.830178
2024-10-01,Bogota,0.225540,1.069058,137.726907,128.830178
2024-10-01,Cundinamarca,0.049960,1.254889,161.667595,128.830178
2024-10-01,Santander,0.043320,0.976686,125.826651,128.830178
2024-10-01,Valle del Cauca,0.120603,0.882750,113.724782,128.830178
2024-10-01,Otros departamentos,0.333003,0.986276,127.062103,128.830178
2024-11-01,Antioquia,0.170438,1.022516,150.583682,147.267869
2024-11-01,Atlantico,0.057136,0.830516,122.308281,147.267869
2024-11-01,Bogota,0.225540,1.127031,165.975505,147.267869
2024-11-01,Cundinamarca,0.049960,1.195356,176.037506,147.267869
2024-11-01,Santander,0.043320,0.974014,143.440894,147.267869
2024-11-01,Valle del Cauca,0.120603,0.875524,128.936561,147.267869
2024-11-01,Otros departamentos,0.333003,0.950672,140.003372,147.267869
2024-12-01,Antioquia,0.170438,0.991603,159.201805,160.549936
2024-12-01,Atlantico,0.057136,0.884716,142.041149,160.549936
2024-12-01,Bogota,0.225540,1.075808,172.720951,160.549936
2024-12-01,Cundinamarca,0.049960,1.102758,177.047787,160.549936
2024-12-01,Santander,0.043320,0.953900,153.148574,160.549936
2024-12-01,Valle del Cauca,0.120603,0.780254,125.269764,160.549936
2024-12-01,Otros departamentos,0.333003,1.042899,167.437384,160.549936
2025-01-01,Antioquia,0.170438,1.003638,139.810596,139.303740
2025-01-01,Atlantico,0.057136,0.842646,117.383764,139.303740
2025-01-01,Bogota,0.225540,1.071795,149.305046,139.303740
2025-01-01,Cundinamarca,0.049960,1.155833,161.011795,139.303740
2025-01-01,Santander,0.043320,0.952208,132.646151,139.303740
2025-01-01,Valle del Cauca,0.120603,0.796559,110.963692,139.303740
2025-01-01,Otros departamentos,0.333003,1.033028,143.904630,139.303740
2025-02-01,Antioquia,0.170438,1.008756,127.039894,125.937246
2025-02-01,Atlantico,0.057136,0.842155,106.058707,125.937246
2025-02-01,Bogota,0.225540,1.055805,132.965122,125.937246
2025-02-01,Cundinamarca,0.049960,1.177030,148.231939,125.937246
2025-02-01,Santander,0.043320,0.974222,122.690785,125.937246
2025-02-01,Valle del Cauca,0.120603,0.808368,101.803626,125.937246
2025-02-01,Otros departamentos,0.333003,1.031002,129.841607,125.937246
2025-03-01,Antioquia,0.170438,1.013167,138.031007,136.237230
2025-03-01,Atlantico,0.057136,0.786201,107.109881,136.237230
2025-03-01,Bogota,0.225540,1.074809,146.429027,136.237230
2025-03-01,Cundinamarca,0.049960,1.211247,165.016985,136.237230
2025-03-01,Santander,0.043320,0.951144,129.581264,136.237230
2025-03-01,Valle del Cauca,0.120603,0.820210,111.743158,136.237230
2025-03-01,Otros departamentos,0.333003,1.019053,138.832987,136.237230
2025-04-01,Antioquia,0.170438,1.032844,131.512292,127.330245
2025-04-01,Atlantico,0.057136,0.783301,99.737861,127.330245
2025-04-01,Bogota,0.225540,1.044703,133.022226,127.330245
2025-04-01,Cundinamarca,0.049960,1.175905,149.728244,127.330245
2025-04-01,Santander,0.043320,0.954370,121.520216,127.330245
2025-04-01,Valle del Cauca,0.120603,0.802620,102.197811,127.330245
2025-04-01,Otros departamentos,0.333003,1.041124,132.566551,127.330245
2025-05-01,Antioquia,0.170438,1.013863,137.282465,135.405401
2025-05-01,Atlantico,0.057136,0.810149,109.698618,135.405401
2025-05-01,Bogota,0.225540,1.053653,142.670370,135.405401
2025-05-01,Cundinamarca,0.049960,1.157524,156.735043,135.405401
2025-05-01,Santander,0.043320,0.954350,129.224087,135.405401
2025-05-01,Valle del Cauca,0.120603,0.807065,109.280899,135.405401
2025-05-01,Otros departamentos,0.333003,1.041321,141.000430,135.405401
2025-06-01,Antioquia,0.170438,1.022096,132.836894,129.965198
2025-06-01,Atlantico,0.057136,0.814010,105.793032,129.965198
2025-06-01,Bogota,0.225540,1.076635,139.925126,129.965198
2025-06-01,Cundinamarca,0.049960,1.174477,152.641171,129.965198
2025-06-01,Santander,0.043320,0.966476,125.608218,129.965198
2025-06-01,Valle del Cauca,0.120603,0.821667,106.788112,129.965198
2025-06-01,Otros departamentos,0.333003,1.011469,131.455803,129.965198
2025-07-01,Antioquia,0.170438,1.020663,147.969945,144.974373
2025-07-01,Atlantico,0.057136,0.826501,119.821523,144.974373
2025-07-01,Bogota,0.225540,1.044202,151.382546,144.974373
2025-07-01,Cundinamarca,0.049960,1.121393,162.573232,144.974373
2025-07-01,Santander,0.043320,0.991707,143.772058,144.974373
2025-07-01,Valle del Cauca,0.120603,0.839990,121.776971,144.974373
2025-07-01,Otros departamentos,0.333003,1.030072,149.334098,144.974373
2025-08-01,Antioquia,0.170438,1.003565,141.830275,141.326505
2025-08-01,Atlantico,0.057136,0.817143,115.483993,141.326505
2025-08-01,Bogota,0.225540,1.075161,151.948739,141.326505
2025-08-01,Cundinamarca,0.049960,1.141064,161.262532,141.326505
2025-08-01,Santander,0.043320,1.003276,141.789444,141.326505
2025-08-01,Valle del Cauca,0.120603,0.843755,119.244905,141.326505
2025-08-01,Otros departamentos,0.333003,1.013641,143.254395,141.326505
2025-09-01,Antioquia,0.170438,0.999096,144.211052,144.341470
2025-09-01,Atlantico,0.057136,0.827946,119.506990,144.341470
2025-09-01,Bogota,0.225540,1.146807,165.531742,144.341470
2025-09-01,Cundinamarca,0.049960,1.115588,161.025618,144.341470
2025-09-01,Santander,0.043320,0.948821,136.954174,144.341470
2025-09-01,Valle del Cauca,0.120603,0.809615,116.861000,144.341470
2025-09-01,Otros departamentos,0.333003,0.988820,142.727776,144.341470
2025-10-01,Antioquia,0.170438,1.006494,152.368243,151.385150
2025-10-01,Atlantico,0.057136,0.817260,123.721017,151.385150
2025-10-01,Bogota,0.225540,1.123313,170.052977,151.385150
2025-10-01,Cundinamarca,0.049960,1.107609,167.675524,151.385150
2025-10-01,Santander,0.043320,0.967271,146.430520,151.385150
2025-10-01,Valle del Cauca,0.120603,0.836259,126.597172,151.385150
2025-10-01,Otros departamentos,0.333003,0.991927,150.162952,151.385150
2025-11-01,Antioquia,0.170438,0.985774,168.087908,170.513575
2025-11-01,Atlantico,0.057136,0.826654,140.955656,170.513575
2025-11-01,Bogota,0.225540,1.182934,201.706295,170.513575
2025-11-01,Cundinamarca,0.049960,1.104555,188.341643,170.513575
2025-11-01,Santander,0.043320,0.936189,159.632960,170.513575
2025-11-01,Valle del Cauca,0.120603,0.833128,142.059573,170.513575
2025-11-01,Otros departamentos,0.333003,0.966175,164.745922,170.513575
2025-12-01,Antioquia,0.170438,0.992840,185.329121,186.665696
2025-12-01,Atlantico,0.057136,0.828757,154.700424,186.665696
2025-12-01,Bogota,0.225540,1.092427,203.918648,186.665696
2025-12-01,Cundinamarca,0.049960,1.222494,228.197639,186.665696
2025-12-01,Santander,0.043320,0.926042,172.860363,186.665696
2025-12-01,Valle del Cauca,0.120603,0.787955,147.084185,186.665696
2025-12-01,Otros departamentos,0.333003,1.023483,191.049151,186.665696
2026-01-01,Antioquia,0.170438,1.022488,153.069393,149.702805
2026-01-01,Atlantico,0.057136,0.831916,124.540158,149.702805
2026-01-01,Bogota,0.225540,1.060023,158.688426,149.702805
2026-01-01,Cundinamarca,0.049960,1.233047,184.590616,149.702805
2026-01-01,Santander,0.043320,0.954341,142.867524,149.702805
2026-01-01,Valle del Cauca,0.120603,0.803714,120.318187,149.702805
2026-01-01,Otros departamentos,0.333003,1.018741,152.508382,149.702805
2026-02-01,Antioquia,0.170438,1.014000,142.675300,140.705483
2026-02-01,Atlantico,0.057136,0.805309,113.311443,140.705483
2026-02-01,Bogota,0.225540,1.062031,149.433651,140.705483
2026-02-01,Cundinamarca,0.049960,1.238631,174.282134,140.705483
2026-02-01,Santander,0.043320,0.992267,139.617339,140.705483
2026-02-01,Valle del Cauca,0.120603,0.806873,113.531396,140.705483
2026-02-01,Otros departamentos,0.333003,1.019375,143.431677,140.705483
2026-03-01,Antioquia,0.170438,0.985220,153.459038,155.761158
2026-03-01,Atlantico,0.057136,0.827971,128.965684,155.761158
2026-03-01,Bogota,0.225540,1.116777,173.950545,155.761158
2026-03-01,Cundinamarca,0.049960,1.222977,190.492293,155.761158
2026-03-01,Santander,0.043320,0.927353,144.445613,155.761158
2026-03-01,Valle del Cauca,0.120603,0.794192,123.704203,155.761158
2026-03-01,Otros departamentos,0.333003,1.008524,157.088810,155.761158
2026-04-01,Antioquia,0.170438,1.005565,143.100124,142.308173
2026-04-01,Atlantico,0.057136,0.799625,113.793128,142.308173
2026-04-01,Bogota,0.225540,1.061642,151.080322,142.308173
2026-04-01,Cundinamarca,0.049960,1.294258,184.183536,142.308173
2026-04-01,Santander,0.043320,0.970645,138.130716,142.308173
2026-04-01,Valle del Cauca,0.120603,0.797700,113.519178,142.308173
2026-04-01,Otros departamentos,0.333003,1.022720,145.541471,142.308173
2026-05-01,Antioquia,0.170438,1.011543,151.267373,149.541167
2026-05-01,Atlantico,0.057136,0.795463,118.954489,149.541167
2026-05-01,Bogota,0.225540,1.059776,158.480142,149.541167
2026-05-01,Cundinamarca,0.049960,1.294926,193.644817,149.541167
2026-05-01,Santander,0.043320,0.937298,140.164566,149.541167
2026-05-01,Valle del Cauca,0.120603,0.807522,120.757751,149.541167
2026-05-01,Otros departamentos,0.333003,1.022319,152.878767,149.541167
2026-06-01,Antioquia,0.170438,0.996033,144.338618,144.913503
2026-06-01,Atlantico,0.057136,0.808739,117.197145,144.913503
2026-06-01,Bogota,0.225540,1.045336,151.483256,144.913503
2026-06-01,Cundinamarca,0.049960,1.355181,196.383993,144.913503
2026-06-01,Santander,0.043320,0.938374,135.983033,144.913503
2026-06-01,Valle del Cauca,0.120603,0.819016,118.686522,144.913503
2026-06-01,Otros departamentos,0.333003,1.024417,148.451868,144.913503
2026-07-01,Antioquia,0.170438,0.977386,144.847664,148.199107
2026-07-01,Atlantico,0.057136,0.815277,120.823249,148.199107
2026-07-01,Bogota,0.225540,1.026533,152.131301,148.199107
2026-07-01,Cundinamarca,0.049960,1.370839,203.157100,148.199107
2026-07-01,Santander,0.043320,0.947658,140.442079,148.199107
2026-07-01,Valle del Cauca,0.120603,0.816214,120.962213,148.199107
2026-07-01,Otros departamentos,0.333003,1.043032,154.576418,148.199107
