fecha,L_4,L_8,L_9,L_10,L_11,L_12,L_14,L_15
2019-01-01,76.685809,90.620841,94.221576,96.517839,77.091985,68.289366,91.767984,85.128903
2019-02-01,63.914875,84.936699,84.761609,90.279446,84.055574,78.409585,89.935542,78.448460
2019-03-01,75.578261,96.795663,96.958508,101.173932,94.222434,93.255432,97.185126,86.618233
2019-04-01,70.650664,86.316925,83.473554,92.326771,81.260104,79.871978,91.225575,85.045845
2019-05-01,84.772974,98.620315,87.374167,97.194581,92.873077,95.541448,99.233083,91.414673
2019-06-01,98.312040,97.906392,90.906567,100.604688,89.775948,112.507768,93.708658,92.232676
2019-07-01,90.523749,103.971852,100.698671,102.889957,92.656015,96.239749,102.776044,90.972446
2019-08-01,85.745874,110.793771,102.243289,102.491546,108.521936,104.116827,105.189891,96.026533
2019-09-01,86.646510,97.476118,93.585311,100.210229,91.277717,94.001049,101.959342,92.511527
2019-10-01,91.180084,96.540260,105.117713,100.179817,98.539005,92.581212,107.692996,100.545163
2019-11-01,117.828593,116.107636,112.878226,101.614433,127.507352,138.892020,111.187538,128.286462
2019-12-01,258.160567,119.913527,147.780809,114.516762,162.218852,146.293567,108.138222,172.769079
2020-01-01,83.442353,103.044891,100.522857,106.308299,97.996118,84.783917,95.373841,85.929924
2020-02-01,73.039108,105.778791,97.031504,105.643949,109.268002,99.192288,100.295148,84.479215
2020-03-01,44.412440,77.335749,71.198418,134.355556,88.849985,81.282105,72.800128,78.476837
2020-04-01,9.258167,41.314993,40.228171,97.388076,76.179015,47.118955,25.506911,52.821404
2020-05-01,23.592724,86.572926,74.773683,117.562699,114.248178,83.835311,67.098115,64.898349
2020-06-01,47.281795,126.186993,91.161341,117.636172,138.887029,144.444833,83.376910,74.268205
2020-07-01,49.746739,129.154045,95.100865,124.940580,146.864424,132.966292,95.514302,78.370584
2020-08-01,48.914872,110.355702,90.899666,120.762621,147.100741,107.710697,95.026158,79.041765
2020-09-01,75.616014,115.612061,106.443185,123.863417,137.213974,109.102991,110.051115,89.616437
2020-10-01,88.693503,123.447596,117.301936,131.127786,129.166710,122.549165,118.407161,100.951847
2020-11-01,123.413874,164.896380,132.386692,131.061080,184.499791,216.159720,125.071579,128.279061
2020-12-01,217.971453,125.043689,142.884100,141.083937,171.761918,134.471184,113.377436,157.758310
2021-01-01,57.572745,105.175232,89.214883,131.755552,139.313897,87.182156,97.253523,82.040386
2021-02-01,66.679787,116.148214,101.607330,127.780232,167.423870,92.422251,116.637404,87.298665
2021-03-01,81.949876,124.107479,116.251180,136.610056,141.667940,105.952361,126.374313,99.701140
2021-04-01,51.933456,94.968805,77.058508,124.051838,108.502576,76.879313,104.189000,82.569955
2021-05-01,70.839010,102.392355,92.903783,129.782182,127.545800,86.749928,91.408469,83.517665
2021-06-01,96.723820,115.700547,105.820278,130.977554,133.756498,103.495381,115.181542,97.758127
2021-07-01,103.217912,134.161817,116.418757,145.007505,153.216788,113.641723,123.188324,103.400059
2021-08-01,97.308254,133.512562,117.470854,142.803112,171.966207,109.176338,126.711176,106.287502
2021-09-01,102.410464,115.918062,114.759783,137.900076,141.617417,91.381995,126.806600,106.864225
2021-10-01,120.751400,154.949486,132.371330,144.320917,187.156234,170.018244,128.900576,122.005137
2021-11-01,142.343766,145.545444,140.013956,140.869969,184.925742,144.467608,135.268260,144.881623
2021-12-01,300.489364,164.714193,174.783249,160.827291,254.053641,181.095130,132.444655,189.939545
2022-01-01,96.992097,118.710119,125.474130,137.894084,158.517251,90.428399,113.820509,100.524463
2022-02-01,86.905761,109.010409,113.868683,123.816887,169.777174,90.694436,121.863278,96.175122
2022-03-01,107.551555,164.392090,124.828680,133.786879,225.360732,176.171965,135.831375,111.852853
2022-04-01,102.179517,110.830670,117.155896,126.824944,158.768085,92.162713,118.909809,106.415944
2022-05-01,112.158166,116.013038,120.185518,133.084111,179.658610,98.387472,121.302504,111.231430
2022-06-01,132.662279,179.902219,124.847759,124.576883,231.949483,215.360098,126.538111,114.565072
2022-07-01,122.631353,117.391343,135.912870,136.745050,183.395203,108.613242,128.338867,118.140933
2022-08-01,109.821987,123.280776,127.820755,126.395358,196.867079,117.574499,124.427538,119.848750
2022-09-01,113.278024,113.460914,126.257008,119.584985,164.151533,105.594043,121.449121,115.350006
2022-10-01,120.892324,115.184921,146.545762,127.316577,167.485008,123.415657,126.306189,129.084316
2022-11-01,140.208066,125.031843,154.447219,120.445559,191.548708,159.500120,131.710250,142.370328
2022-12-01,303.486300,125.180514,186.003614,134.552290,231.254292,154.747001,120.750112,188.052514
2023-01-01,104.554954,115.719362,139.231982,123.699847,163.006425,99.997099,111.817968,106.130694
2023-02-01,82.832518,104.487756,116.196644,113.090474,181.384734,98.257543,109.867071,96.490987
2023-03-01,94.941667,113.618797,128.949046,120.930994,182.615735,110.480573,115.058739,110.449589
2023-04-01,94.786235,99.746829,125.638476,119.847277,158.310612,101.679942,98.157844,104.447031
2023-05-01,105.055088,119.297302,122.617279,120.958379,164.064904,104.105676,106.005965,108.764704
2023-06-01,119.398059,112.394985,123.608896,118.616828,144.335364,114.546713,100.895028,103.729188
2023-07-01,117.506827,123.548128,137.470648,129.751524,157.481561,123.332484,104.840386,105.426824
2023-08-01,100.793500,121.114349,126.993115,122.115313,163.950349,117.804779,108.589398,102.777937
2023-09-01,107.276289,109.814716,125.872313,120.376881,145.864503,111.434275,104.457100,106.638925
2023-10-01,107.004948,110.311214,136.077003,121.440530,144.741107,112.287375,105.952679,113.723745
2023-11-01,135.999977,131.452808,157.695400,119.624413,178.414820,159.063501,113.838817,133.011091
2023-12-01,285.821796,123.092570,190.543761,136.118865,214.088944,153.587316,109.620304,169.568778
2024-01-01,87.298352,121.820166,133.989287,124.669580,150.297608,100.006384,100.974493,101.189725
2024-02-01,73.064276,111.884492,123.230591,120.100174,157.763688,102.966418,101.194638,96.444452
2024-03-01,85.945118,120.967143,132.694466,128.938692,162.367037,113.356880,94.440933,107.098080
2024-04-01,77.885831,108.403760,117.869673,122.134337,154.858529,102.172655,99.361935,101.397112
2024-05-01,92.253324,118.063043,123.430756,126.825827,172.452000,120.702313,96.205871,107.550133
2024-06-01,108.037901,118.475097,126.843330,127.653671,162.395049,147.329482,94.778104,106.649083
2024-07-01,98.179458,129.945356,133.269259,130.322064,176.852944,152.941927,105.726652,109.465906
2024-08-01,92.193887,138.361524,137.165188,129.473107,221.803433,145.835950,105.251892,113.859799
2024-09-01,92.500688,119.959275,131.620213,124.303344,182.796881,121.076338,102.989123,112.996005
2024-10-01,99.344551,123.658472,153.986339,127.569638,185.912614,128.956904,108.902251,126.631575
2024-11-01,127.599585,150.702397,175.432885,128.799721,254.783128,197.156954,115.418069,151.873870
2024-12-01,268.785218,152.550017,216.138058,144.951840,312.973381,198.515038,110.840067,194.903943
2025-01-01,90.275072,146.069315,154.054935,134.814005,226.788310,124.811041,109.923150,121.033284
2025-02-01,76.085731,132.517430,136.767731,125.120713,228.985996,128.120936,105.900858,110.998781
2025-03-01,87.839099,144.357655,146.433514,140.939411,249.857027,139.661143,107.954713,125.585178
2025-04-01,84.061803,129.249882,134.932305,130.813592,238.221105,131.718832,103.230575,118.893101
2025-05-01,100.369289,145.715607,143.449105,142.150014,270.493034,151.223706,107.498264,126.801590
2025-06-01,113.013349,147.667813,147.495837,140.841401,255.458835,167.875594,101.647489,121.080449
2025-07-01,104.400797,164.675002,153.629316,143.373654,275.987244,177.906728,119.553440,124.925958
2025-08-01,99.223950,170.977273,157.061841,146.629401,335.073508,187.955572,114.515703,126.872288
2025-09-01,95.834370,146.157021,147.145430,134.617772,275.063114,158.244114,118.446312,126.252035
2025-10-01,102.258198,145.958886,165.945912,139.868728,275.666150,168.355841,125.725685,138.109580
2025-11-01,135.240176,187.935477,198.006611,143.615301,363.523672,261.788236,125.886530,162.768838
2025-12-01,278.822385,173.983485,234.637811,155.850795,433.393306,251.218998,119.244539,210.783293
2026-01-01,94.352346,168.780649,174.693289,148.246498,313.004598,170.340937,107.412206,126.416620
2026-02-01,78.171698,158.106688,162.495374,138.754832,318.727391,178.950186,110.469309,116.127548
2026-03-01,93.827692,176.184917,178.025704,152.896416,316.782043,198.041134,126.884052,131.628734
2026-04-01,87.507365,157.568606,158.518612,143.136749,287.975027,198.224855,114.885374,128.531695
2026-05-01,105.823909,178.042029,166.612597,158.604590,310.672659,249.412841,114.565262,140.411918
2026-06-01,113.707198,171.269910,160.565517,149.154088,282.395401,318.715420,119.129811,132.894886
2026-07-01,101.260562,184.336183,173.270734,157.103313,283.732353,222.321325,120.662746,136.733211
