fecha,icc,inflacion_anual,tasa_consumo,importaciones_muebles_usd_miles,icc_rez1,inflacion_anual_rez1,tasa_consumo_rez1,importaciones_muebles_usd_miles_rez1,covid
2019-01-01,-2.8000,3.1477,19.1600,35394.7523,-8.3000,3.1779,19.4000,33042.9878,0
2019-02-01,-5.6000,3.0136,19.7000,31224.5745,-2.8000,3.1477,19.1600,35394.7523,0
2019-03-01,1.2000,3.2199,19.3700,31509.3750,-5.6000,3.0136,19.7000,31224.5745,0
2019-04-01,-9.6000,3.2454,19.3200,28112.0651,1.2000,3.2199,19.3700,31509.3750,0
2019-05-01,-5.0000,3.3078,19.3400,30511.9727,-9.6000,3.2454,19.3200,28112.0651,0
2019-06-01,-6.3000,3.4236,19.3000,33746.0760,-5.0000,3.3078,19.3400,30511.9727,0
2019-07-01,-5.1000,3.7911,19.2800,34408.8733,-6.3000,3.4236,19.3000,33746.0760,0
2019-08-01,-11.8000,3.7563,19.3200,37648.3168,-5.1000,3.7911,19.2800,34408.8733,0
2019-09-01,-10.7000,3.8102,19.3200,33155.6416,-11.8000,3.7563,19.3200,37648.3168,0
2019-10-01,-9.8000,3.8558,19.1000,35234.2208,-10.7000,3.8102,19.3200,33155.6416,0
2019-11-01,-14.4000,3.8516,19.0300,33942.1425,-9.8000,3.8558,19.1000,35234.2208,0
2019-12-01,-9.5000,3.8000,18.9100,37163.6911,-14.4000,3.8516,19.0300,33942.1425,0
2020-01-01,-1.2000,3.6183,18.7700,30472.2406,-9.5000,3.8000,18.9100,37163.6911,0
2020-02-01,-11.2000,3.7161,19.0600,23143.2071,-1.2000,3.6183,18.7700,30472.2406,0
2020-03-01,-23.8000,3.8477,18.9500,22264.9845,-11.2000,3.7161,19.0600,23143.2071,0
2020-04-01,-41.3000,3.5057,18.6900,15156.2465,-23.8000,3.8477,18.9500,22264.9845,1
2020-05-01,-34.0000,2.8504,18.1900,15069.8339,-41.3000,3.5057,18.6900,15156.2465,1
2020-06-01,-33.1000,2.2004,18.1200,19363.2478,-34.0000,2.8504,18.1900,15069.8339,1
2020-07-01,-32.7000,1.9720,18.1200,26459.6666,-33.1000,2.2004,18.1200,19363.2478,1
2020-08-01,-25.4000,1.8732,18.2900,26127.4221,-32.7000,1.9720,18.1200,26459.6666,1
2020-09-01,-21.6000,1.9659,18.3500,24298.2257,-25.4000,1.8732,18.2900,26127.4221,0
2020-10-01,-18.6000,1.7403,18.0900,25461.0347,-21.6000,1.9659,18.3500,24298.2257,0
2020-11-01,-13.6000,1.4873,17.8400,28967.3042,-18.6000,1.7403,18.0900,25461.0347,0
2020-12-01,-10.4000,1.6185,17.4600,28195.8461,-13.6000,1.4873,17.8400,28967.3042,0
2021-01-01,-20.8000,1.6021,17.3200,24386.7469,-10.4000,1.6185,17.4600,28195.8461,0
2021-02-01,-14.6000,1.5628,17.5400,30274.5702,-20.8000,1.6021,17.3200,24386.7469,0
2021-03-01,-11.4000,1.5067,17.4100,28504.5356,-14.6000,1.5628,17.5400,30274.5702,0
2021-04-01,-34.2000,1.9489,17.3100,29445.1393,-11.4000,1.5067,17.4100,28504.5356,0
2021-05-01,-34.3000,3.3030,17.2200,22388.7347,-34.2000,1.9489,17.3100,29445.1393,0
2021-06-01,-22.3000,3.6296,17.2100,31350.4205,-34.3000,3.3030,17.2200,22388.7347,0
2021-07-01,-7.5000,3.9726,17.1800,37549.6166,-22.3000,3.6296,17.2100,31350.4205,0
2021-08-01,-8.2000,4.4398,17.2400,39231.5154,-7.5000,3.9726,17.1800,37549.6166,0
2021-09-01,-3.0000,4.5113,17.1900,42028.1853,-8.2000,4.4398,17.2400,39231.5154,0
2021-10-01,-1.3000,4.5899,17.0800,47774.6823,-3.0000,4.5113,17.1900,42028.1853,0
2021-11-01,-1.4000,5.2531,17.2700,50224.6199,-1.3000,4.5899,17.0800,47774.6823,0
2021-12-01,-7.0000,5.6219,17.4600,53701.3659,-1.4000,5.2531,17.2700,50224.6199,0
2022-01-01,-13.5000,6.9399,17.6600,44715.1749,-7.0000,5.6219,17.4600,53701.3659,0
2022-02-01,-17.5000,8.0034,18.3000,41860.6645,-13.5000,6.9399,17.6600,44715.1749,0
2022-03-01,-17.8000,8.5325,18.4700,39679.6592,-17.5000,8.0034,18.3000,41860.6645,0
2022-04-01,-17.5000,9.2335,19.0500,31337.4358,-17.8000,8.5325,18.4700,39679.6592,0
2022-05-01,-14.7000,9.0592,19.7100,32500.1678,-17.5000,9.2335,19.0500,31337.4358,0
2022-06-01,2.9000,9.6801,20.4000,34020.8791,-14.7000,9.0592,19.7100,32500.1678,0
2022-07-01,-10.4000,10.1979,21.2800,41118.8280,2.9000,9.6801,20.4000,34020.8791,0
2022-08-01,-2.4000,10.8374,22.2100,50580.2222,-10.4000,10.1979,21.2800,41118.8280,0
2022-09-01,-11.5000,11.4413,23.5000,48407.6013,-2.4000,10.8374,22.2100,50580.2222,0
2022-10-01,-19.5000,12.2206,24.6100,37980.2813,-11.5000,11.4413,23.5000,48407.6013,0
2022-11-01,-24.8000,12.5316,25.7800,35855.1876,-19.5000,12.2206,24.6100,37980.2813,0
2022-12-01,-22.3000,13.1227,27.6400,35908.4580,-24.8000,12.5316,25.7800,35855.1876,0
2023-01-01,-28.6000,13.2527,28.8400,31608.4810,-22.3000,13.1227,27.6400,35908.4580,0
2023-02-01,-27.8000,13.2829,30.1800,29343.9141,-28.6000,13.2527,28.8400,31608.4810,0
2023-03-01,-28.5000,13.3408,30.8400,29982.9084,-27.8000,13.2829,30.1800,29343.9141,0
2023-04-01,-28.8000,12.8196,31.3900,30702.9339,-28.5000,13.3408,30.8400,29982.9084,0
2023-05-01,-22.8000,12.3673,30.2700,29112.9677,-28.8000,12.8196,31.3900,30702.9339,0
2023-06-01,-14.1000,12.1281,29.7600,37784.3027,-22.8000,12.3673,30.2700,29112.9677,0
2023-07-01,-17.4000,11.7901,29.3600,30392.8678,-14.1000,12.1281,29.7600,37784.3027,0
2023-08-01,-18.8000,11.4321,28.7500,31961.2262,-17.4000,11.7901,29.3600,30392.8678,0
2023-09-01,-17.9000,10.9924,28.0300,30656.4849,-18.8000,11.4321,28.7500,31961.2262,0
2023-10-01,-14.0000,10.4769,26.5300,33499.4737,-17.9000,10.9924,28.0300,30656.4849,0
2023-11-01,-20.9000,10.1478,25.5200,35429.2260,-14.0000,10.4769,26.5300,33499.4737,0
2023-12-01,-17.3000,9.2756,25.0400,35736.3028,-20.9000,10.1478,25.5200,35429.2260,0
2024-01-01,-7.9000,8.3496,23.3200,34833.1347,-17.3000,9.2756,25.0400,35736.3028,0
2024-02-01,-9.4000,7.7377,23.3100,32558.6629,-7.9000,8.3496,23.3200,34833.1347,0
2024-03-01,-13.0000,7.3689,22.2000,26706.5149,-9.4000,7.7377,23.3100,32558.6629,0
2024-04-01,-11.4000,7.1687,22.0600,38078.2561,-13.0000,7.3689,22.2000,26706.5149,0
2024-05-01,-14.1000,7.1525,21.0200,34758.4130,-11.4000,7.1687,22.0600,38078.2561,0
2024-06-01,-12.7000,7.1760,20.5600,32379.5524,-14.1000,7.1525,21.0200,34758.4130,0
2024-07-01,-9.0000,6.8576,19.6600,38012.8995,-12.7000,7.1760,20.5600,32379.5524,0
2024-08-01,-15.3000,6.1157,19.4700,45150.7705,-9.0000,6.8576,19.6600,38012.8995,0
2024-09-01,-16.0000,5.8115,19.2300,42134.5416,-15.3000,6.1157,19.4700,45150.7705,0
2024-10-01,-3.7000,5.4086,18.7800,39459.9490,-16.0000,5.8115,19.2300,42134.5416,0
2024-11-01,-5.7000,5.2010,18.6000,46738.1667,-3.7000,5.4086,18.7800,39459.9490,0
2024-12-01,-3.4000,5.1990,17.5900,38354.1573,-5.7000,5.2010,18.6000,46738.1667,0
2025-01-01,-1.1000,5.2238,16.5900,39350.4604,-3.4000,5.1990,17.5900,38354.1573,0
2025-02-01,-12.0000,5.2744,17.5300,41251.7897,-1.1000,5.2238,16.5900,39350.4604,0
2025-03-01,-7.1000,5.0891,16.6100,35887.9024,-12.0000,5.2744,17.5300,41251.7897,0
2025-04-01,-8.6000,5.1574,17.0800,34136.1408,-7.1000,5.0891,16.6100,35887.9024,0
2025-05-01,-3.8000,5.0518,17.3100,37608.6481,-8.6000,5.1574,17.0800,34136.1408,0
2025-06-01,2.2000,4.8263,17.0300,36437.2273,-3.8000,5.0518,17.3100,37608.6481,0
2025-07-01,5.3000,4.9001,16.5200,49454.0321,2.2000,4.8263,17.0300,36437.2273,0
2025-08-01,-2.4000,5.0950,16.7800,45577.5255,5.3000,4.9001,16.5200,49454.0321,0
2025-09-01,1.6000,5.1798,16.6700,46624.5969,-2.4000,5.0950,16.7800,45577.5255,0
2025-10-01,13.6000,5.5135,16.2400,50810.8833,1.6000,5.1798,16.6700,46624.5969,0
2025-11-01,17.0000,5.3044,16.6600,40300.2285,13.6000,5.5135,16.2400,50810.8833,0
2025-12-01,19.9000,5.1008,16.6800,54114.9753,17.0000,5.3044,16.6600,40300.2285,0
2026-01-01,18.2000,5.3542,16.2400,41889.1414,19.9000,5.1008,16.6800,54114.9753,0
2026-02-01,18.3000,5.2941,16.8200,40623.5187,18.2000,5.3542,16.2400,41889.1414,0
2026-03-01,19.3000,5.5556,17.0100,42359.6093,18.3000,5.2941,16.8200,40623.5187,0
2026-04-01,13.7000,5.6862,17.8400,41985.8494,19.3000,5.5556,17.0100,42359.6093,0
2026-05-01,17.8000,5.8412,18.7800,38455.8965,13.7000,5.6862,17.8400,41985.8494,0
2026-06-01,24.3000,6.1411,19.1900,46647.1828,17.8000,5.8412,18.7800,38455.8965,0
2026-07-01,20.7000,6.0248,19.1900,61858.2972,24.3000,6.1411,19.1900,46647.1828,0
