fecha,departamento,area_vivienda_m2,area_vivienda_m2_rez1
2019-01-01,Antioquia,232741.00,
2019-02-01,Antioquia,335956.00,232741.00
2019-03-01,Antioquia,291196.00,335956.00
2019-04-01,Antioquia,277712.00,291196.00
2019-05-01,Antioquia,221195.00,277712.00
2019-06-01,Antioquia,270708.00,221195.00
2019-07-01,Antioquia,239582.00,270708.00
2019-08-01,Antioquia,385746.00,239582.00
2019-09-01,Antioquia,287866.00,385746.00
2019-10-01,Antioquia,236082.00,287866.00
2019-11-01,Antioquia,411620.00,236082.00
2019-12-01,Antioquia,615502.00,411620.00
2020-01-01,Antioquia,150719.00,615502.00
2020-02-01,Antioquia,261030.00,150719.00
2020-03-01,Antioquia,154375.00,261030.00
2020-04-01,Antioquia,45960.00,154375.00
2020-05-01,Antioquia,139568.00,45960.00
2020-06-01,Antioquia,163615.00,139568.00
2020-07-01,Antioquia,177064.00,163615.00
2020-08-01,Antioquia,185117.00,177064.00
2020-09-01,Antioquia,266230.00,185117.00
2020-10-01,Antioquia,254552.00,266230.00
2020-11-01,Antioquia,184990.00,254552.00
2020-12-01,Antioquia,387205.00,184990.00
2021-01-01,Antioquia,233458.00,387205.00
2021-02-01,Antioquia,329963.00,233458.00
2021-03-01,Antioquia,257491.00,329963.00
2021-04-01,Antioquia,243307.00,257491.00
2021-05-01,Antioquia,262138.00,243307.00
2021-06-01,Antioquia,287686.00,262138.00
2021-07-01,Antioquia,321129.00,287686.00
2021-08-01,Antioquia,389606.00,321129.00
2021-09-01,Antioquia,260052.00,389606.00
2021-10-01,Antioquia,278655.00,260052.00
2021-11-01,Antioquia,275771.00,278655.00
2021-12-01,Antioquia,441771.00,275771.00
2022-01-01,Antioquia,239465.00,441771.00
2022-02-01,Antioquia,285383.00,239465.00
2022-03-01,Antioquia,332546.00,285383.00
2022-04-01,Antioquia,368836.00,332546.00
2022-05-01,Antioquia,353461.00,368836.00
2022-06-01,Antioquia,393314.00,353461.00
2022-07-01,Antioquia,366204.00,393314.00
2022-08-01,Antioquia,603346.00,366204.00
2022-09-01,Antioquia,398829.00,603346.00
2022-10-01,Antioquia,366388.00,398829.00
2022-11-01,Antioquia,376329.00,366388.00
2022-12-01,Antioquia,411393.00,376329.00
2023-01-01,Antioquia,271948.00,411393.00
2023-02-01,Antioquia,273969.00,271948.00
2023-03-01,Antioquia,207498.00,273969.00
2023-04-01,Antioquia,171273.00,207498.00
2023-05-01,Antioquia,186846.00,171273.00
2023-06-01,Antioquia,186816.00,186846.00
2023-07-01,Antioquia,193748.00,186816.00
2023-08-01,Antioquia,263316.00,193748.00
2023-09-01,Antioquia,249627.00,263316.00
2023-10-01,Antioquia,327501.00,249627.00
2023-11-01,Antioquia,326796.00,327501.00
2023-12-01,Antioquia,564405.00,326796.00
2024-01-01,Antioquia,259205.00,564405.00
2024-02-01,Antioquia,138824.00,259205.00
2024-03-01,Antioquia,191218.00,138824.00
2024-04-01,Antioquia,107290.00,191218.00
2024-05-01,Antioquia,304116.00,107290.00
2024-06-01,Antioquia,114504.00,304116.00
2024-07-01,Antioquia,183413.00,114504.00
2024-08-01,Antioquia,251851.00,183413.00
2024-09-01,Antioquia,335610.00,251851.00
2024-10-01,Antioquia,223288.00,335610.00
2024-11-01,Antioquia,170926.00,223288.00
2024-12-01,Antioquia,361615.00,170926.00
2025-01-01,Antioquia,194348.00,361615.00
2025-02-01,Antioquia,354882.00,194348.00
2025-03-01,Antioquia,262714.00,354882.00
2025-04-01,Antioquia,208716.00,262714.00
2025-05-01,Antioquia,171763.00,208716.00
2025-06-01,Antioquia,280987.00,171763.00
2025-07-01,Antioquia,300539.00,280987.00
2025-08-01,Antioquia,283929.00,300539.00
2025-09-01,Antioquia,328564.00,283929.00
2025-10-01,Antioquia,312051.00,328564.00
2025-11-01,Antioquia,259734.00,312051.00
2025-12-01,Antioquia,281467.00,259734.00
2026-01-01,Antioquia,355985.00,281467.00
2026-02-01,Antioquia,248219.00,355985.00
2026-03-01,Antioquia,239784.00,248219.00
2026-04-01,Antioquia,198837.00,239784.00
2026-05-01,Antioquia,327922.00,198837.00
2026-06-01,Antioquia,192725.00,327922.00
2026-07-01,Antioquia,211429.00,192725.00
2019-01-01,Atlantico,142765.00,
2019-02-01,Atlantico,23332.00,142765.00
2019-03-01,Atlantico,90257.00,23332.00
2019-04-01,Atlantico,42760.00,90257.00
2019-05-01,Atlantico,62500.00,42760.00
2019-06-01,Atlantico,34658.00,62500.00
2019-07-01,Atlantico,93611.00,34658.00
2019-08-01,Atlantico,67426.00,93611.00
2019-09-01,Atlantico,60868.00,67426.00
2019-10-01,Atlantico,76149.00,60868.00
2019-11-01,Atlantico,14753.00,76149.00
2019-12-01,Atlantico,94265.00,14753.00
2020-01-01,Atlantico,80576.00,94265.00
2020-02-01,Atlantico,78214.00,80576.00
2020-03-01,Atlantico,137391.00,78214.00
2020-04-01,Atlantico,34415.00,137391.00
2020-05-01,Atlantico,16022.00,34415.00
2020-06-01,Atlantico,111329.00,16022.00
2020-07-01,Atlantico,48135.00,111329.00
2020-08-01,Atlantico,27486.00,48135.00
2020-09-01,Atlantico,72863.00,27486.00
2020-10-01,Atlantico,127397.00,72863.00
2020-11-01,Atlantico,48620.00,127397.00
2020-12-01,Atlantico,97155.00,48620.00
2021-01-01,Atlantico,69849.00,97155.00
2021-02-01,Atlantico,76720.00,69849.00
2021-03-01,Atlantico,146645.00,76720.00
2021-04-01,Atlantico,161540.00,146645.00
2021-05-01,Atlantico,102700.00,161540.00
2021-06-01,Atlantico,63760.00,102700.00
2021-07-01,Atlantico,115836.00,63760.00
2021-08-01,Atlantico,97238.00,115836.00
2021-09-01,Atlantico,48678.00,97238.00
2021-10-01,Atlantico,108818.00,48678.00
2021-11-01,Atlantico,30757.00,108818.00
2021-12-01,Atlantico,159727.00,30757.00
2022-01-01,Atlantico,105404.00,159727.00
2022-02-01,Atlantico,445522.00,105404.00
2022-03-01,Atlantico,82204.00,445522.00
2022-04-01,Atlantico,165584.00,82204.00
2022-05-01,Atlantico,64753.00,165584.00
2022-06-01,Atlantico,202627.00,64753.00
2022-07-01,Atlantico,486888.00,202627.00
2022-08-01,Atlantico,149042.00,486888.00
2022-09-01,Atlantico,117159.00,149042.00
2022-10-01,Atlantico,48713.00,117159.00
2022-11-01,Atlantico,62432.00,48713.00
2022-12-01,Atlantico,81712.00,62432.00
2023-01-01,Atlantico,6492.00,81712.00
2023-02-01,Atlantico,19433.00,6492.00
2023-03-01,Atlantico,11570.00,19433.00
2023-04-01,Atlantico,10405.00,11570.00
2023-05-01,Atlantico,293618.00,10405.00
2023-06-01,Atlantico,24625.00,293618.00
2023-07-01,Atlantico,7107.00,24625.00
2023-08-01,Atlantico,47540.00,7107.00
2023-09-01,Atlantico,15611.00,47540.00
2023-10-01,Atlantico,101663.00,15611.00
2023-11-01,Atlantico,78702.00,101663.00
2023-12-01,Atlantico,109681.00,78702.00
2024-01-01,Atlantico,19569.00,109681.00
2024-02-01,Atlantico,18091.00,19569.00
2024-03-01,Atlantico,8124.00,18091.00
2024-04-01,Atlantico,21932.00,8124.00
2024-05-01,Atlantico,29519.00,21932.00
2024-06-01,Atlantico,11115.00,29519.00
2024-07-01,Atlantico,77526.00,11115.00
2024-08-01,Atlantico,50750.00,77526.00
2024-09-01,Atlantico,108682.00,50750.00
2024-10-01,Atlantico,10489.00,108682.00
2024-11-01,Atlantico,104632.00,10489.00
2024-12-01,Atlantico,164148.00,104632.00
2025-01-01,Atlantico,131536.00,164148.00
2025-02-01,Atlantico,195014.00,131536.00
2025-03-01,Atlantico,66473.00,195014.00
2025-04-01,Atlantico,94277.00,66473.00
2025-05-01,Atlantico,22790.00,94277.00
2025-06-01,Atlantico,14716.00,22790.00
2025-07-01,Atlantico,98337.00,14716.00
2025-08-01,Atlantico,16673.00,98337.00
2025-09-01,Atlantico,30787.00,16673.00
2025-10-01,Atlantico,38311.00,30787.00
2025-11-01,Atlantico,26326.00,38311.00
2025-12-01,Atlantico,41992.00,26326.00
2026-01-01,Atlantico,12965.00,41992.00
2026-02-01,Atlantico,10974.00,12965.00
2026-03-01,Atlantico,40323.00,10974.00
2026-04-01,Atlantico,45605.00,40323.00
2026-05-01,Atlantico,62836.00,45605.00
2026-06-01,Atlantico,49621.00,62836.00
2026-07-01,Atlantico,117438.00,49621.00
2019-01-01,Bogota,167676.00,
2019-02-01,Bogota,245045.00,167676.00
2019-03-01,Bogota,325930.00,245045.00
2019-04-01,Bogota,192199.00,325930.00
2019-05-01,Bogota,323605.00,192199.00
2019-06-01,Bogota,264947.00,323605.00
2019-07-01,Bogota,325154.00,264947.00
2019-08-01,Bogota,305668.00,325154.00
2019-09-01,Bogota,170637.00,305668.00
2019-10-01,Bogota,204983.00,170637.00
2019-11-01,Bogota,172217.00,204983.00
2019-12-01,Bogota,558267.00,172217.00
2020-01-01,Bogota,313306.00,558267.00
2020-02-01,Bogota,233935.00,313306.00
2020-03-01,Bogota,158737.00,233935.00
2020-04-01,Bogota,53067.00,158737.00
2020-05-01,Bogota,121438.00,53067.00
2020-06-01,Bogota,196677.00,121438.00
2020-07-01,Bogota,249318.00,196677.00
2020-08-01,Bogota,188057.00,249318.00
2020-09-01,Bogota,245395.00,188057.00
2020-10-01,Bogota,243449.00,245395.00
2020-11-01,Bogota,197129.00,243449.00
2020-12-01,Bogota,217645.00,197129.00
2021-01-01,Bogota,131799.00,217645.00
2021-02-01,Bogota,305739.00,131799.00
2021-03-01,Bogota,204802.00,305739.00
2021-04-01,Bogota,134683.00,204802.00
2021-05-01,Bogota,310615.00,134683.00
2021-06-01,Bogota,309879.00,310615.00
2021-07-01,Bogota,179729.00,309879.00
2021-08-01,Bogota,119603.00,179729.00
2021-09-01,Bogota,201748.00,119603.00
2021-10-01,Bogota,74804.00,201748.00
2021-11-01,Bogota,272612.00,74804.00
2021-12-01,Bogota,291599.00,272612.00
2022-01-01,Bogota,297337.00,291599.00
2022-02-01,Bogota,202799.00,297337.00
2022-03-01,Bogota,240347.00,202799.00
2022-04-01,Bogota,532443.00,240347.00
2022-05-01,Bogota,218124.00,532443.00
2022-06-01,Bogota,268531.00,218124.00
2022-07-01,Bogota,620077.00,268531.00
2022-08-01,Bogota,610435.00,620077.00
2022-09-01,Bogota,400345.00,610435.00
2022-10-01,Bogota,464059.00,400345.00
2022-11-01,Bogota,512464.00,464059.00
2022-12-01,Bogota,565330.00,512464.00
2023-01-01,Bogota,665829.00,565330.00
2023-02-01,Bogota,330857.00,665829.00
2023-03-01,Bogota,218431.00,330857.00
2023-04-01,Bogota,176182.00,218431.00
2023-05-01,Bogota,174214.00,176182.00
2023-06-01,Bogota,215502.00,174214.00
2023-07-01,Bogota,91210.00,215502.00
2023-08-01,Bogota,287310.00,91210.00
2023-09-01,Bogota,304937.00,287310.00
2023-10-01,Bogota,354896.00,304937.00
2023-11-01,Bogota,334998.00,354896.00
2023-12-01,Bogota,298966.00,334998.00
2024-01-01,Bogota,174669.00,298966.00
2024-02-01,Bogota,183212.00,174669.00
2024-03-01,Bogota,176639.00,183212.00
2024-04-01,Bogota,333492.00,176639.00
2024-05-01,Bogota,122520.00,333492.00
2024-06-01,Bogota,172122.00,122520.00
2024-07-01,Bogota,158390.00,172122.00
2024-08-01,Bogota,167868.00,158390.00
2024-09-01,Bogota,232490.00,167868.00
2024-10-01,Bogota,144669.00,232490.00
2024-11-01,Bogota,102295.00,144669.00
2024-12-01,Bogota,327905.00,102295.00
2025-01-01,Bogota,115347.00,327905.00
2025-02-01,Bogota,145285.00,115347.00
2025-03-01,Bogota,177078.00,145285.00
2025-04-01,Bogota,348091.00,177078.00
2025-05-01,Bogota,140930.00,348091.00
2025-06-01,Bogota,390575.00,140930.00
2025-07-01,Bogota,376320.00,390575.00
2025-08-01,Bogota,123105.00,376320.00
2025-09-01,Bogota,278672.00,123105.00
2025-10-01,Bogota,302784.00,278672.00
2025-11-01,Bogota,110616.00,302784.00
2025-12-01,Bogota,69795.00,110616.00
2026-01-01,Bogota,171754.00,69795.00
2026-02-01,Bogota,273166.00,171754.00
2026-03-01,Bogota,438218.00,273166.00
2026-04-01,Bogota,155024.00,438218.00
2026-05-01,Bogota,246865.00,155024.00
2026-06-01,Bogota,302542.00,246865.00
2026-07-01,Bogota,115597.00,302542.00
2019-01-01,Cundinamarca,75419.00,
2019-02-01,Cundinamarca,120218.00,75419.00
2019-03-01,Cundinamarca,96575.00,120218.00
2019-04-01,Cundinamarca,249146.00,96575.00
2019-05-01,Cundinamarca,217689.00,249146.00
2019-06-01,Cundinamarca,306072.00,217689.00
2019-07-01,Cundinamarca,278199.00,306072.00
2019-08-01,Cundinamarca,115036.00,278199.00
2019-09-01,Cundinamarca,217619.00,115036.00
2019-10-01,Cundinamarca,276187.00,217619.00
2019-11-01,Cundinamarca,291081.00,276187.00
2019-12-01,Cundinamarca,940710.00,291081.00
2020-01-01,Cundinamarca,192830.00,940710.00
2020-02-01,Cundinamarca,185352.00,192830.00
2020-03-01,Cundinamarca,48384.00,185352.00
2020-04-01,Cundinamarca,13153.00,48384.00
2020-05-01,Cundinamarca,38565.00,13153.00
2020-06-01,Cundinamarca,62917.00,38565.00
2020-07-01,Cundinamarca,81000.00,62917.00
2020-08-01,Cundinamarca,104032.00,81000.00
2020-09-01,Cundinamarca,61417.00,104032.00
2020-10-01,Cundinamarca,64615.00,61417.00
2020-11-01,Cundinamarca,216238.00,64615.00
2020-12-01,Cundinamarca,327065.00,216238.00
2021-01-01,Cundinamarca,70138.00,327065.00
2021-02-01,Cundinamarca,77456.00,70138.00
2021-03-01,Cundinamarca,119459.00,77456.00
2021-04-01,Cundinamarca,193814.00,119459.00
2021-05-01,Cundinamarca,121457.00,193814.00
2021-06-01,Cundinamarca,101624.00,121457.00
2021-07-01,Cundinamarca,163110.00,101624.00
2021-08-01,Cundinamarca,113622.00,163110.00
2021-09-01,Cundinamarca,208929.00,113622.00
2021-10-01,Cundinamarca,218573.00,208929.00
2021-11-01,Cundinamarca,271798.00,218573.00
2021-12-01,Cundinamarca,491812.00,271798.00
2022-01-01,Cundinamarca,148356.00,491812.00
2022-02-01,Cundinamarca,256670.00,148356.00
2022-03-01,Cundinamarca,119943.00,256670.00
2022-04-01,Cundinamarca,314143.00,119943.00
2022-05-01,Cundinamarca,318525.00,314143.00
2022-06-01,Cundinamarca,388960.00,318525.00
2022-07-01,Cundinamarca,322404.00,388960.00
2022-08-01,Cundinamarca,374820.00,322404.00
2022-09-01,Cundinamarca,227630.00,374820.00
2022-10-01,Cundinamarca,236603.00,227630.00
2022-11-01,Cundinamarca,292004.00,236603.00
2022-12-01,Cundinamarca,505793.00,292004.00
2023-01-01,Cundinamarca,130671.00,505793.00
2023-02-01,Cundinamarca,191466.00,130671.00
2023-03-01,Cundinamarca,216266.00,191466.00
2023-04-01,Cundinamarca,183589.00,216266.00
2023-05-01,Cundinamarca,223963.00,183589.00
2023-06-01,Cundinamarca,236449.00,223963.00
2023-07-01,Cundinamarca,171821.00,236449.00
2023-08-01,Cundinamarca,312809.00,171821.00
2023-09-01,Cundinamarca,208773.00,312809.00
2023-10-01,Cundinamarca,125923.00,208773.00
2023-11-01,Cundinamarca,244050.00,125923.00
2023-12-01,Cundinamarca,675151.00,244050.00
2024-01-01,Cundinamarca,66025.00,675151.00
2024-02-01,Cundinamarca,146267.00,66025.00
2024-03-01,Cundinamarca,70385.00,146267.00
2024-04-01,Cundinamarca,176883.00,70385.00
2024-05-01,Cundinamarca,200853.00,176883.00
2024-06-01,Cundinamarca,91413.00,200853.00
2024-07-01,Cundinamarca,163017.00,91413.00
2024-08-01,Cundinamarca,135222.00,163017.00
2024-09-01,Cundinamarca,91363.00,135222.00
2024-10-01,Cundinamarca,88087.00,91363.00
2024-11-01,Cundinamarca,113818.00,88087.00
2024-12-01,Cundinamarca,234581.00,113818.00
2025-01-01,Cundinamarca,116247.00,234581.00
2025-02-01,Cundinamarca,103230.00,116247.00
2025-03-01,Cundinamarca,80795.00,103230.00
2025-04-01,Cundinamarca,92167.00,80795.00
2025-05-01,Cundinamarca,89865.00,92167.00
2025-06-01,Cundinamarca,86530.00,89865.00
2025-07-01,Cundinamarca,133843.00,86530.00
2025-08-01,Cundinamarca,101062.00,133843.00
2025-09-01,Cundinamarca,88867.00,101062.00
2025-10-01,Cundinamarca,126243.00,88867.00
2025-11-01,Cundinamarca,123321.00,126243.00
2025-12-01,Cundinamarca,216379.00,123321.00
2026-01-01,Cundinamarca,133841.00,216379.00
2026-02-01,Cundinamarca,181274.00,133841.00
2026-03-01,Cundinamarca,160604.00,181274.00
2026-04-01,Cundinamarca,126615.00,160604.00
2026-05-01,Cundinamarca,191006.00,126615.00
2026-06-01,Cundinamarca,105327.00,191006.00
2026-07-01,Cundinamarca,164004.00,105327.00
2019-01-01,Otros departamentos,381407.00,
2019-02-01,Otros departamentos,459221.00,381407.00
2019-03-01,Otros departamentos,630148.00,459221.00
2019-04-01,Otros departamentos,422305.00,630148.00
2019-05-01,Otros departamentos,669047.00,422305.00
2019-06-01,Otros departamentos,410928.00,669047.00
2019-07-01,Otros departamentos,680328.00,410928.00
2019-08-01,Otros departamentos,438939.00,680328.00
2019-09-01,Otros departamentos,497984.00,438939.00
2019-10-01,Otros departamentos,477018.00,497984.00
2019-11-01,Otros departamentos,695462.00,477018.00
2019-12-01,Otros departamentos,1022441.00,695462.00
2020-01-01,Otros departamentos,453665.00,1022441.00
2020-02-01,Otros departamentos,574772.00,453665.00
2020-03-01,Otros departamentos,339666.00,574772.00
2020-04-01,Otros departamentos,106743.00,339666.00
2020-05-01,Otros departamentos,301596.00,106743.00
2020-06-01,Otros departamentos,423415.00,301596.00
2020-07-01,Otros departamentos,469974.00,423415.00
2020-08-01,Otros departamentos,443810.00,469974.00
2020-09-01,Otros departamentos,693446.00,443810.00
2020-10-01,Otros departamentos,503672.00,693446.00
2020-11-01,Otros departamentos,638086.00,503672.00
2020-12-01,Otros departamentos,896533.00,638086.00
2021-01-01,Otros departamentos,581553.00,896533.00
2021-02-01,Otros departamentos,865696.00,581553.00
2021-03-01,Otros departamentos,821718.00,865696.00
2021-04-01,Otros departamentos,594736.00,821718.00
2021-05-01,Otros departamentos,609581.00,594736.00
2021-06-01,Otros departamentos,667134.00,609581.00
2021-07-01,Otros departamentos,620022.00,667134.00
2021-08-01,Otros departamentos,915463.00,620022.00
2021-09-01,Otros departamentos,759362.00,915463.00
2021-10-01,Otros departamentos,586677.00,759362.00
2021-11-01,Otros departamentos,582909.00,586677.00
2021-12-01,Otros departamentos,690789.00,582909.00
2022-01-01,Otros departamentos,449306.00,690789.00
2022-02-01,Otros departamentos,415430.00,449306.00
2022-03-01,Otros departamentos,910295.00,415430.00
2022-04-01,Otros departamentos,468415.00,910295.00
2022-05-01,Otros departamentos,580586.00,468415.00
2022-06-01,Otros departamentos,915160.00,580586.00
2022-07-01,Otros departamentos,1112245.00,915160.00
2022-08-01,Otros departamentos,884719.00,1112245.00
2022-09-01,Otros departamentos,1105694.00,884719.00
2022-10-01,Otros departamentos,511872.00,1105694.00
2022-11-01,Otros departamentos,736670.00,511872.00
2022-12-01,Otros departamentos,798278.00,736670.00
2023-01-01,Otros departamentos,419091.00,798278.00
2023-02-01,Otros departamentos,409273.00,419091.00
2023-03-01,Otros departamentos,547698.00,409273.00
2023-04-01,Otros departamentos,465250.00,547698.00
2023-05-01,Otros departamentos,564609.00,465250.00
2023-06-01,Otros departamentos,422255.00,564609.00
2023-07-01,Otros departamentos,500672.00,422255.00
2023-08-01,Otros departamentos,493552.00,500672.00
2023-09-01,Otros departamentos,612820.00,493552.00
2023-10-01,Otros departamentos,520504.00,612820.00
2023-11-01,Otros departamentos,630790.00,520504.00
2023-12-01,Otros departamentos,964386.00,630790.00
2024-01-01,Otros departamentos,452656.00,964386.00
2024-02-01,Otros departamentos,286017.00,452656.00
2024-03-01,Otros departamentos,362747.00,286017.00
2024-04-01,Otros departamentos,537462.00,362747.00
2024-05-01,Otros departamentos,463703.00,537462.00
2024-06-01,Otros departamentos,429417.00,463703.00
2024-07-01,Otros departamentos,402892.00,429417.00
2024-08-01,Otros departamentos,545485.00,402892.00
2024-09-01,Otros departamentos,457054.00,545485.00
2024-10-01,Otros departamentos,401892.00,457054.00
2024-11-01,Otros departamentos,539350.00,401892.00
2024-12-01,Otros departamentos,595510.00,539350.00
2025-01-01,Otros departamentos,481213.00,595510.00
2025-02-01,Otros departamentos,533883.00,481213.00
2025-03-01,Otros departamentos,377973.00,533883.00
2025-04-01,Otros departamentos,517722.00,377973.00
2025-05-01,Otros departamentos,509763.00,517722.00
2025-06-01,Otros departamentos,451230.00,509763.00
2025-07-01,Otros departamentos,440912.00,451230.00
2025-08-01,Otros departamentos,409141.00,440912.00
2025-09-01,Otros departamentos,440963.00,409141.00
2025-10-01,Otros departamentos,396128.00,440963.00
2025-11-01,Otros departamentos,420934.00,396128.00
2025-12-01,Otros departamentos,570006.00,420934.00
2026-01-01,Otros departamentos,749948.00,570006.00
2026-02-01,Otros departamentos,631410.00,749948.00
2026-03-01,Otros departamentos,1364982.00,631410.00
2026-04-01,Otros departamentos,887917.00,1364982.00
2026-05-01,Otros departamentos,463642.00,887917.00
2026-06-01,Otros departamentos,368967.00,463642.00
2026-07-01,Otros departamentos,361486.00,368967.00
2019-01-01,Santander,33899.00,
2019-02-01,Santander,49704.00,33899.00
2019-03-01,Santander,84976.00,49704.00
2019-04-01,Santander,100116.00,84976.00
2019-05-01,Santander,87903.00,100116.00
2019-06-01,Santander,74298.00,87903.00
2019-07-01,Santander,57574.00,74298.00
2019-08-01,Santander,30518.00,57574.00
2019-09-01,Santander,37924.00,30518.00
2019-10-01,Santander,48353.00,37924.00
2019-11-01,Santander,49616.00,48353.00
2019-12-01,Santander,116201.00,49616.00
2020-01-01,Santander,156404.00,116201.00
2020-02-01,Santander,44561.00,156404.00
2020-03-01,Santander,18350.00,44561.00
2020-04-01,Santander,37971.00,18350.00
2020-05-01,Santander,64314.00,37971.00
2020-06-01,Santander,19043.00,64314.00
2020-07-01,Santander,38772.00,19043.00
2020-08-01,Santander,58327.00,38772.00
2020-09-01,Santander,29223.00,58327.00
2020-10-01,Santander,47667.00,29223.00
2020-11-01,Santander,37435.00,47667.00
2020-12-01,Santander,69251.00,37435.00
2021-01-01,Santander,70734.00,69251.00
2021-02-01,Santander,48252.00,70734.00
2021-03-01,Santander,71728.00,48252.00
2021-04-01,Santander,168528.00,71728.00
2021-05-01,Santander,88306.00,168528.00
2021-06-01,Santander,123355.00,88306.00
2021-07-01,Santander,81147.00,123355.00
2021-08-01,Santander,65280.00,81147.00
2021-09-01,Santander,108241.00,65280.00
2021-10-01,Santander,39474.00,108241.00
2021-11-01,Santander,79092.00,39474.00
2021-12-01,Santander,72216.00,79092.00
2022-01-01,Santander,67869.00,72216.00
2022-02-01,Santander,125487.00,67869.00
2022-03-01,Santander,64757.00,125487.00
2022-04-01,Santander,46148.00,64757.00
2022-05-01,Santander,56769.00,46148.00
2022-06-01,Santander,73311.00,56769.00
2022-07-01,Santander,130300.00,73311.00
2022-08-01,Santander,132447.00,130300.00
2022-09-01,Santander,64356.00,132447.00
2022-10-01,Santander,80410.00,64356.00
2022-11-01,Santander,70109.00,80410.00
2022-12-01,Santander,102953.00,70109.00
2023-01-01,Santander,79291.00,102953.00
2023-02-01,Santander,49235.00,79291.00
2023-03-01,Santander,63883.00,49235.00
2023-04-01,Santander,47797.00,63883.00
2023-05-01,Santander,134916.00,47797.00
2023-06-01,Santander,98939.00,134916.00
2023-07-01,Santander,76642.00,98939.00
2023-08-01,Santander,42634.00,76642.00
2023-09-01,Santander,65064.00,42634.00
2023-10-01,Santander,101329.00,65064.00
2023-11-01,Santander,78335.00,101329.00
2023-12-01,Santander,290782.00,78335.00
2024-01-01,Santander,65002.00,290782.00
2024-02-01,Santander,70914.00,65002.00
2024-03-01,Santander,73806.00,70914.00
2024-04-01,Santander,106818.00,73806.00
2024-05-01,Santander,31683.00,106818.00
2024-06-01,Santander,46909.00,31683.00
2024-07-01,Santander,52275.00,46909.00
2024-08-01,Santander,30335.00,52275.00
2024-09-01,Santander,75655.00,30335.00
2024-10-01,Santander,36377.00,75655.00
2024-11-01,Santander,101638.00,36377.00
2024-12-01,Santander,45052.00,101638.00
2025-01-01,Santander,33766.00,45052.00
2025-02-01,Santander,130944.00,33766.00
2025-03-01,Santander,152445.00,130944.00
2025-04-01,Santander,88895.00,152445.00
2025-05-01,Santander,102410.00,88895.00
2025-06-01,Santander,146691.00,102410.00
2025-07-01,Santander,50799.00,146691.00
2025-08-01,Santander,46690.00,50799.00
2025-09-01,Santander,64941.00,46690.00
2025-10-01,Santander,78825.00,64941.00
2025-11-01,Santander,36025.00,78825.00
2025-12-01,Santander,83751.00,36025.00
2026-01-01,Santander,28842.00,83751.00
2026-02-01,Santander,71068.00,28842.00
2026-03-01,Santander,38771.00,71068.00
2026-04-01,Santander,147866.00,38771.00
2026-05-01,Santander,34126.00,147866.00
2026-06-01,Santander,48749.00,34126.00
2026-07-01,Santander,61373.00,48749.00
2019-01-01,Valle del Cauca,279828.00,
2019-02-01,Valle del Cauca,186642.00,279828.00
2019-03-01,Valle del Cauca,102741.00,186642.00
2019-04-01,Valle del Cauca,228884.00,102741.00
2019-05-01,Valle del Cauca,151513.00,228884.00
2019-06-01,Valle del Cauca,144989.00,151513.00
2019-07-01,Valle del Cauca,92985.00,144989.00
2019-08-01,Valle del Cauca,147816.00,92985.00
2019-09-01,Valle del Cauca,152566.00,147816.00
2019-10-01,Valle del Cauca,196532.00,152566.00
2019-11-01,Valle del Cauca,104267.00,196532.00
2019-12-01,Valle del Cauca,339757.00,104267.00
2020-01-01,Valle del Cauca,162536.00,339757.00
2020-02-01,Valle del Cauca,85788.00,162536.00
2020-03-01,Valle del Cauca,44574.00,85788.00
2020-04-01,Valle del Cauca,15290.00,44574.00
2020-05-01,Valle del Cauca,134060.00,15290.00
2020-06-01,Valle del Cauca,86354.00,134060.00
2020-07-01,Valle del Cauca,111455.00,86354.00
2020-08-01,Valle del Cauca,103167.00,111455.00
2020-09-01,Valle del Cauca,238704.00,103167.00
2020-10-01,Valle del Cauca,154098.00,238704.00
2020-11-01,Valle del Cauca,110826.00,154098.00
2020-12-01,Valle del Cauca,247367.00,110826.00
2021-01-01,Valle del Cauca,127856.00,247367.00
2021-02-01,Valle del Cauca,126566.00,127856.00
2021-03-01,Valle del Cauca,176497.00,126566.00
2021-04-01,Valle del Cauca,147517.00,176497.00
2021-05-01,Valle del Cauca,148928.00,147517.00
2021-06-01,Valle del Cauca,259927.00,148928.00
2021-07-01,Valle del Cauca,140565.00,259927.00
2021-08-01,Valle del Cauca,195480.00,140565.00
2021-09-01,Valle del Cauca,110117.00,195480.00
2021-10-01,Valle del Cauca,109600.00,110117.00
2021-11-01,Valle del Cauca,116642.00,109600.00
2021-12-01,Valle del Cauca,148281.00,116642.00
2022-01-01,Valle del Cauca,115395.00,148281.00
2022-02-01,Valle del Cauca,159160.00,115395.00
2022-03-01,Valle del Cauca,204473.00,159160.00
2022-04-01,Valle del Cauca,121172.00,204473.00
2022-05-01,Valle del Cauca,190083.00,121172.00
2022-06-01,Valle del Cauca,270596.00,190083.00
2022-07-01,Valle del Cauca,431828.00,270596.00
2022-08-01,Valle del Cauca,325720.00,431828.00
2022-09-01,Valle del Cauca,310307.00,325720.00
2022-10-01,Valle del Cauca,196434.00,310307.00
2022-11-01,Valle del Cauca,191928.00,196434.00
2022-12-01,Valle del Cauca,129531.00,191928.00
2023-01-01,Valle del Cauca,119839.00,129531.00
2023-02-01,Valle del Cauca,57154.00,119839.00
2023-03-01,Valle del Cauca,90993.00,57154.00
2023-04-01,Valle del Cauca,116271.00,90993.00
2023-05-01,Valle del Cauca,88890.00,116271.00
2023-06-01,Valle del Cauca,56193.00,88890.00
2023-07-01,Valle del Cauca,60077.00,56193.00
2023-08-01,Valle del Cauca,177091.00,60077.00
2023-09-01,Valle del Cauca,222072.00,177091.00
2023-10-01,Valle del Cauca,63579.00,222072.00
2023-11-01,Valle del Cauca,272382.00,63579.00
2023-12-01,Valle del Cauca,356878.00,272382.00
2024-01-01,Valle del Cauca,128359.00,356878.00
2024-02-01,Valle del Cauca,77562.00,128359.00
2024-03-01,Valle del Cauca,54486.00,77562.00
2024-04-01,Valle del Cauca,99843.00,54486.00
2024-05-01,Valle del Cauca,71514.00,99843.00
2024-06-01,Valle del Cauca,81205.00,71514.00
2024-07-01,Valle del Cauca,78495.00,81205.00
2024-08-01,Valle del Cauca,108362.00,78495.00
2024-09-01,Valle del Cauca,184363.00,108362.00
2024-10-01,Valle del Cauca,89282.00,184363.00
2024-11-01,Valle del Cauca,352347.00,89282.00
2024-12-01,Valle del Cauca,364038.00,352347.00
2025-01-01,Valle del Cauca,237576.00,364038.00
2025-02-01,Valle del Cauca,134285.00,237576.00
2025-03-01,Valle del Cauca,108842.00,134285.00
2025-04-01,Valle del Cauca,96685.00,108842.00
2025-05-01,Valle del Cauca,78269.00,96685.00
2025-06-01,Valle del Cauca,119111.00,78269.00
2025-07-01,Valle del Cauca,198808.00,119111.00
2025-08-01,Valle del Cauca,152558.00,198808.00
2025-09-01,Valle del Cauca,137788.00,152558.00
2025-10-01,Valle del Cauca,78190.00,137788.00
2025-11-01,Valle del Cauca,49201.00,78190.00
2025-12-01,Valle del Cauca,84238.00,49201.00
2026-01-01,Valle del Cauca,94762.00,84238.00
2026-02-01,Valle del Cauca,111664.00,94762.00
2026-03-01,Valle del Cauca,212328.00,111664.00
2026-04-01,Valle del Cauca,66534.00,212328.00
2026-05-01,Valle del Cauca,125647.00,66534.00
2026-06-01,Valle del Cauca,84503.00,125647.00
2026-07-01,Valle del Cauca,131119.00,84503.00
