predictor,n,media,desv_tipica,minimo,mediana,maximo,asimetria
icc,78.0000,-14.0013,9.8940,-41.3000,-12.8500,5.3000,-0.5247
inflacion_anual,78.0000,6.2768,3.6123,1.4873,5.2000,13.3408,0.5802
tasa_consumo,78.0000,20.6018,4.1274,16.5200,19.0550,31.3900,1.3329
importaciones_muebles_usd_miles,78.0000,34255.9386,7731.8888,15069.8339,33981.5108,53701.3659,0.1199
area_vivienda_m2,546.0000,232648.7326,197323.1851,6492.0000,174441.5000,1112245.0000,1.5693
icc_rez1,78.0000,-14.1051,9.7299,-41.3000,-12.8500,2.9000,-0.6025
inflacion_anual_rez1,78.0000,6.2543,3.6264,1.4873,5.2000,13.3408,0.5847
tasa_consumo_rez1,78.0000,20.6356,4.1042,16.5900,19.0800,31.3900,1.3427
importaciones_muebles_usd_miles_rez1,78.0000,34075.6914,7534.3394,15069.8339,33981.5108,53701.3659,0.0939
area_vivienda_m2_rez1,546.0000,232125.2473,197184.0620,6492.0000,173215.5000,1112245.0000,1.5777
